phase,metric,source,target,mean_p_value,mean_score,significant_frequency,mean_correlation,source_mean_percentage_change,target_mean_percentage_change
1 - Baseline,cpu_usage,tenant-cpu,tenant-dsk,0.170322630489496,0.17687371361581672,1,-0.2686189746947156,-99.75668898118728,4.360520987038853
1 - Baseline,cpu_usage,tenant-cpu,tenant-mem,0.671408630151704,0.08144427660893093,0,-0.2351337347794253,-99.75668898118728,6.769495298234907
1 - Baseline,cpu_usage,tenant-cpu,tenant-ntk,0.28736313934475205,0.19614116556100433,1,0.3530412802420955,-99.75668898118728,-3.838139210423915
1 - Baseline,cpu_usage,tenant-dsk,tenant-cpu,0.2938139061662131,0.14192022372077764,1,-0.2686189746947156,4.360520987038853,-99.75668898118728
1 - Baseline,cpu_usage,tenant-dsk,tenant-mem,0.0016460078131301696,0.10270906051947187,3,0.8656352652770499,4.360520987038853,6.769495298234907
1 - Baseline,cpu_usage,tenant-dsk,tenant-ntk,0.0026378913040373416,0.2562378443666553,3,0.0481443568354993,4.360520987038853,-3.838139210423915
1 - Baseline,cpu_usage,tenant-mem,tenant-cpu,0.23411060356652028,0.139201832232576,2,-0.2351337347794253,6.769495298234907,-99.75668898118728
1 - Baseline,cpu_usage,tenant-mem,tenant-dsk,0.004431349919649801,0.0805180526972145,3,0.8656352652770499,6.769495298234907,4.360520987038853
1 - Baseline,cpu_usage,tenant-mem,tenant-ntk,0.2135600763589016,0.24123947167141835,2,0.0845074533206084,6.769495298234907,-3.838139210423915
1 - Baseline,cpu_usage,tenant-ntk,tenant-cpu,0.169556958721083,0.1178736355648446,2,0.3530412802420955,-3.838139210423915,-99.75668898118728
1 - Baseline,cpu_usage,tenant-ntk,tenant-dsk,0.008400239148615833,0.1511293424996158,3,0.0481443568354993,-3.838139210423915,4.360520987038853
1 - Baseline,cpu_usage,tenant-ntk,tenant-mem,0.01671516390634323,0.10676546169418731,3,0.0845074533206084,-3.838139210423915,6.769495298234907
1 - Baseline,disk_throughput_total,tenant-cpu,tenant-dsk,0.7728556964201061,0.049232170814172534,0,0.4494718846724898,-100.0,-48.81170041154704
1 - Baseline,disk_throughput_total,tenant-cpu,tenant-mem,0.0,0.0,0,0.0,-100.0,0.0
1 - Baseline,disk_throughput_total,tenant-cpu,tenant-ntk,0.0,0.0274914089347079,0,0.9898052490484516,-100.0,-100.0
1 - Baseline,disk_throughput_total,tenant-dsk,tenant-cpu,0.9499245197072932,0.015501918656379335,0,0.4494718846724898,-48.81170041154704,-100.0
1 - Baseline,disk_throughput_total,tenant-dsk,tenant-mem,0.0,0.0,0,0.0,-48.81170041154704,0.0
1 - Baseline,disk_throughput_total,tenant-dsk,tenant-ntk,0.5462330664507304,0.0318417382514428,0,0.7404505399986562,-48.81170041154704,-100.0
1 - Baseline,disk_throughput_total,tenant-mem,tenant-cpu,0.0,0.0,0,0.0,0.0,-100.0
1 - Baseline,disk_throughput_total,tenant-mem,tenant-dsk,0.0,0.0,0,0.0,0.0,-48.81170041154704
1 - Baseline,disk_throughput_total,tenant-mem,tenant-ntk,0.0,0.0,0,0.0,0.0,-100.0
1 - Baseline,disk_throughput_total,tenant-ntk,tenant-cpu,0.0,0.011151589339644434,0,0.9898052490484516,-100.0,-100.0
1 - Baseline,disk_throughput_total,tenant-ntk,tenant-dsk,0.4309745636019866,0.05937945890736274,0,0.7404505399986562,-100.0,-48.81170041154704
1 - Baseline,disk_throughput_total,tenant-ntk,tenant-mem,0.0,0.0,0,0.0,-100.0,0.0
1 - Baseline,memory_usage,tenant-cpu,tenant-dsk,0.4758272202460767,0.008504062753801134,1,-0.3988719345749007,-27.3430470224804,2.6367243741439688
1 - Baseline,memory_usage,tenant-cpu,tenant-mem,0.5729199286024482,0.0159788999857037,0,-0.2404645733425063,-27.3430470224804,6.069956965983475
1 - Baseline,memory_usage,tenant-cpu,tenant-ntk,0.3288110730720483,0.009410332390051667,2,-0.6882363605456181,-27.3430470224804,8.54026729384052
1 - Baseline,memory_usage,tenant-dsk,tenant-cpu,0.49576414863767165,0.0026035386142895,0,-0.3988719345749007,2.6367243741439688,-27.3430470224804
1 - Baseline,memory_usage,tenant-dsk,tenant-mem,0.8919967058822428,0.0011838915624294,0,0.8055571975290458,2.6367243741439688,6.069956965983475
1 - Baseline,memory_usage,tenant-dsk,tenant-ntk,0.2543949356709781,0.018041752334805466,1,0.7562078435305918,2.6367243741439688,8.54026729384052
1 - Baseline,memory_usage,tenant-mem,tenant-cpu,0.8190703273396341,0.0106251644067532,0,-0.2404645733425063,6.069956965983475,-27.3430470224804
1 - Baseline,memory_usage,tenant-mem,tenant-dsk,0.3744973818517103,0.012565296308946367,0,0.8055571975290458,6.069956965983475,2.6367243741439688
1 - Baseline,memory_usage,tenant-mem,tenant-ntk,0.2150334027010975,0.017295823702976134,0,0.659386613418551,6.069956965983475,8.54026729384052
1 - Baseline,memory_usage,tenant-ntk,tenant-cpu,0.5392830222819255,0.026694448308476768,0,-0.6882363605456181,8.54026729384052,-27.3430470224804
1 - Baseline,memory_usage,tenant-ntk,tenant-dsk,0.35472253800410986,0.028242242063491064,0,0.7562078435305918,8.54026729384052,2.6367243741439688
1 - Baseline,memory_usage,tenant-ntk,tenant-mem,0.681402067204202,0.033655125568012735,0,0.659386613418551,8.54026729384052,6.069956965983475
1 - Baseline,network_total_bandwidth,tenant-cpu,tenant-dsk,0.28770467866198335,0.29692630936841585,1,0.2526263130847185,-1.4599054954559088,3.161004124281256
1 - Baseline,network_total_bandwidth,tenant-cpu,tenant-mem,0.041804776115802335,0.3437152570507121,2,0.1932556947457651,-1.4599054954559088,6.481885676336891
1 - Baseline,network_total_bandwidth,tenant-cpu,tenant-ntk,0.012251510973432267,0.16794537745286076,3,0.2717338108247111,-1.4599054954559088,3.676984333360831
1 - Baseline,network_total_bandwidth,tenant-dsk,tenant-cpu,0.22311090464662506,0.42649836659526685,3,0.2526263130847185,3.161004124281256,-1.4599054954559088
1 - Baseline,network_total_bandwidth,tenant-dsk,tenant-mem,0.1870040815770854,0.22635532724785756,1,0.7267994727145178,3.161004124281256,6.481885676336891
1 - Baseline,network_total_bandwidth,tenant-dsk,tenant-ntk,0.0992771000351475,0.1472172991419252,1,0.745379436154074,3.161004124281256,3.676984333360831
1 - Baseline,network_total_bandwidth,tenant-mem,tenant-cpu,0.002541420938997904,0.45351112251601683,5,0.1932556947457651,6.481885676336891,-1.4599054954559088
1 - Baseline,network_total_bandwidth,tenant-mem,tenant-dsk,0.4007342654810265,0.21568000005779783,1,0.7267994727145178,6.481885676336891,3.161004124281256
1 - Baseline,network_total_bandwidth,tenant-mem,tenant-ntk,0.5862077523968807,0.12386455580253153,0,0.8088579471267568,6.481885676336891,3.676984333360831
1 - Baseline,network_total_bandwidth,tenant-ntk,tenant-cpu,0.04214557357181222,0.38712203592706373,2,0.2717338108247111,3.676984333360831,-1.4599054954559088
1 - Baseline,network_total_bandwidth,tenant-ntk,tenant-dsk,0.466603350612111,0.16434620945736467,1,0.745379436154074,3.676984333360831,3.161004124281256
1 - Baseline,network_total_bandwidth,tenant-ntk,tenant-mem,0.25337173641918703,0.1389965140844861,1,0.8088579471267568,3.676984333360831,6.481885676336891
2 - CPU Noise,cpu_usage,tenant-cpu,tenant-dsk,0.358004417808465,0.5069397588699439,2,0.1090281344022593,-99.75668898118728,4.360520987038853
2 - CPU Noise,cpu_usage,tenant-cpu,tenant-mem,0.0549844608392048,0.5886740718384944,4,0.1444872205529386,-99.75668898118728,6.769495298234907
2 - CPU Noise,cpu_usage,tenant-cpu,tenant-nsy,0.08929465288474066,0.06960035788139293,2,0.0248962171492274,-99.75668898118728,0.0
2 - CPU Noise,cpu_usage,tenant-cpu,tenant-ntk,0.03949294401668813,0.5078796292478673,4,0.129503792878302,-99.75668898118728,-3.838139210423915
2 - CPU Noise,cpu_usage,tenant-dsk,tenant-cpu,0.03959660939072227,0.5909599958298262,4,0.1090281344022593,4.360520987038853,-99.75668898118728
2 - CPU Noise,cpu_usage,tenant-dsk,tenant-mem,0.0005931077531751568,0.5743550536328167,6,0.3238396899021872,4.360520987038853,6.769495298234907
2 - CPU Noise,cpu_usage,tenant-dsk,tenant-nsy,0.002784810958113153,0.114096383325134,3,0.1079176425215975,4.360520987038853,0.0
2 - CPU Noise,cpu_usage,tenant-dsk,tenant-ntk,0.007516989911393798,0.4933909176309758,4,0.2525401870216373,4.360520987038853,-3.838139210423915
2 - CPU Noise,cpu_usage,tenant-mem,tenant-cpu,0.06368990572929023,0.6013583514218955,4,0.1444872205529386,6.769495298234907,-99.75668898118728
2 - CPU Noise,cpu_usage,tenant-mem,tenant-dsk,0.0006977363576130759,0.5098919031208172,5,0.3238396899021872,6.769495298234907,4.360520987038853
2 - CPU Noise,cpu_usage,tenant-mem,tenant-nsy,7.065683838599136e-05,0.1186851333601882,3,0.1564636567631494,6.769495298234907,0.0
2 - CPU Noise,cpu_usage,tenant-mem,tenant-ntk,0.008709370072202077,0.5653302157226687,6,0.3098082121465972,6.769495298234907,-3.838139210423915
2 - CPU Noise,cpu_usage,tenant-nsy,tenant-cpu,0.31530063241508577,0.26112452057671315,2,0.0248962171492274,0.0,-99.75668898118728
2 - CPU Noise,cpu_usage,tenant-nsy,tenant-dsk,0.00496142021570634,0.2521683751093859,3,0.1079176425215975,0.0,4.360520987038853
2 - CPU Noise,cpu_usage,tenant-nsy,tenant-mem,0.0009709357229292465,0.28500337388614294,3,0.1564636567631494,0.0,6.769495298234907
2 - CPU Noise,cpu_usage,tenant-nsy,tenant-ntk,3.57468849561651e-05,0.25699507524953047,3,0.0469093359800312,0.0,-3.838139210423915
2 - CPU Noise,cpu_usage,tenant-ntk,tenant-cpu,0.007368076794111313,0.5533673924263398,5,0.129503792878302,-3.838139210423915,-99.75668898118728
2 - CPU Noise,cpu_usage,tenant-ntk,tenant-dsk,0.018430359000530378,0.5037779944394063,5,0.2525401870216373,-3.838139210423915,4.360520987038853
2 - CPU Noise,cpu_usage,tenant-ntk,tenant-mem,0.0094684234065892,0.5249016308180888,5,0.3098082121465972,-3.838139210423915,6.769495298234907
2 - CPU Noise,cpu_usage,tenant-ntk,tenant-nsy,0.0004076790495339509,0.10778586125143841,3,0.0469093359800312,-3.838139210423915,0.0
2 - CPU Noise,disk_throughput_total,tenant-cpu,tenant-dsk,0.0,0.0,0,0.0,-100.0,-48.81170041154704
2 - CPU Noise,disk_throughput_total,tenant-cpu,tenant-mem,0.0,0.0,0,0.0,-100.0,0.0
2 - CPU Noise,disk_throughput_total,tenant-cpu,tenant-nsy,0.0,0.0,0,0.0,-100.0,0.0
2 - CPU Noise,disk_throughput_total,tenant-cpu,tenant-ntk,0.0,0.0,0,0.0,-100.0,-100.0
2 - CPU Noise,disk_throughput_total,tenant-dsk,tenant-cpu,0.0,0.0,0,0.0,-48.81170041154704,-100.0
2 - CPU Noise,disk_throughput_total,tenant-dsk,tenant-mem,0.01234625421909,0.021083897904746435,1,-0.0203017635983239,-48.81170041154704,0.0
2 - CPU Noise,disk_throughput_total,tenant-dsk,tenant-nsy,0.5938310538656025,0.019306348209123168,0,0.0317415453625363,-48.81170041154704,0.0
2 - CPU Noise,disk_throughput_total,tenant-dsk,tenant-ntk,0.0,0.0,0,0.0,-48.81170041154704,-100.0
2 - CPU Noise,disk_throughput_total,tenant-mem,tenant-cpu,0.0,0.0,0,0.0,0.0,-100.0
2 - CPU Noise,disk_throughput_total,tenant-mem,tenant-dsk,0.9272214216586736,0.026094735135828665,0,-0.0203017635983239,0.0,-48.81170041154704
2 - CPU Noise,disk_throughput_total,tenant-mem,tenant-nsy,0.0,0.0,0,0.0,0.0,0.0
2 - CPU Noise,disk_throughput_total,tenant-mem,tenant-ntk,0.0,0.0,0,0.0,0.0,-100.0
2 - CPU Noise,disk_throughput_total,tenant-nsy,tenant-cpu,0.0,0.0,0,0.0,0.0,-100.0
2 - CPU Noise,disk_throughput_total,tenant-nsy,tenant-dsk,0.9089251278090948,0.07934659145042457,0,0.0317415453625363,0.0,-48.81170041154704
2 - CPU Noise,disk_throughput_total,tenant-nsy,tenant-mem,0.0,0.0,0,0.0,0.0,0.0
2 - CPU Noise,disk_throughput_total,tenant-nsy,tenant-ntk,0.0,0.0,0,0.0,0.0,-100.0
2 - CPU Noise,disk_throughput_total,tenant-ntk,tenant-cpu,0.0,0.0,0,0.0,-100.0,-100.0
2 - CPU Noise,disk_throughput_total,tenant-ntk,tenant-dsk,0.0,0.0,0,0.0,-100.0,-48.81170041154704
2 - CPU Noise,disk_throughput_total,tenant-ntk,tenant-mem,0.0,0.0,0,0.0,-100.0,0.0
2 - CPU Noise,disk_throughput_total,tenant-ntk,tenant-nsy,0.0,0.0,0,0.0,-100.0,0.0
2 - CPU Noise,memory_usage,tenant-cpu,tenant-dsk,0.8523494623805266,0.06044843429605016,0,0.0318129345276476,-27.3430470224804,2.6367243741439688
2 - CPU Noise,memory_usage,tenant-cpu,tenant-mem,0.2218571654488296,0.11322057947447946,1,-0.0102217244910605,-27.3430470224804,6.069956965983475
2 - CPU Noise,memory_usage,tenant-cpu,tenant-nsy,0.0,0.004591479170272433,0,0.0313720833283312,-27.3430470224804,0.0
2 - CPU Noise,memory_usage,tenant-cpu,tenant-ntk,0.7691908398828552,0.06398030494579683,0,0.0083296045121133,-27.3430470224804,8.54026729384052
2 - CPU Noise,memory_usage,tenant-dsk,tenant-cpu,0.5480752085362665,0.0514604177263658,0,0.0318129345276476,2.6367243741439688,-27.3430470224804
2 - CPU Noise,memory_usage,tenant-dsk,tenant-mem,0.8216081527508218,0.31876023154718425,0,-0.0667059556776113,2.6367243741439688,6.069956965983475
2 - CPU Noise,memory_usage,tenant-dsk,tenant-nsy,0.0,0.0012644681778282334,0,0.0643177191486655,2.6367243741439688,0.0
2 - CPU Noise,memory_usage,tenant-dsk,tenant-ntk,0.705958211006941,0.17267648685803783,0,-0.0249586249579477,2.6367243741439688,8.54026729384052
2 - CPU Noise,memory_usage,tenant-mem,tenant-cpu,0.536081528953114,0.0618151411678533,0,-0.0102217244910605,6.069956965983475,-27.3430470224804
2 - CPU Noise,memory_usage,tenant-mem,tenant-dsk,0.6861267167481008,0.26534421226911503,0,-0.0667059556776113,6.069956965983475,2.6367243741439688
2 - CPU Noise,memory_usage,tenant-mem,tenant-nsy,0.0,0.009189280681434,0,-0.007391756229494,6.069956965983475,0.0
2 - CPU Noise,memory_usage,tenant-mem,tenant-ntk,0.6200970787696708,0.29433054781494694,0,0.2339955053130997,6.069956965983475,8.54026729384052
2 - CPU Noise,memory_usage,tenant-nsy,tenant-cpu,0.0,0.009009185641538199,0,0.0313720833283312,0.0,-27.3430470224804
2 - CPU Noise,memory_usage,tenant-nsy,tenant-dsk,0.0,0.013897084218938835,0,0.0643177191486655,0.0,2.6367243741439688
2 - CPU Noise,memory_usage,tenant-nsy,tenant-mem,0.0,0.028089581560592065,0,-0.007391756229494,0.0,6.069956965983475
2 - CPU Noise,memory_usage,tenant-nsy,tenant-ntk,0.0,0.006556350467503466,0,0.0453662440449361,0.0,8.54026729384052
2 - CPU Noise,memory_usage,tenant-ntk,tenant-cpu,0.8828281919833474,0.0782249193056328,0,0.0083296045121133,8.54026729384052,-27.3430470224804
2 - CPU Noise,memory_usage,tenant-ntk,tenant-dsk,0.552293801489896,0.26904989671322915,0,-0.0249586249579477,8.54026729384052,2.6367243741439688
2 - CPU Noise,memory_usage,tenant-ntk,tenant-mem,0.46092923141428493,0.5296191058406978,2,0.2339955053130997,8.54026729384052,6.069956965983475
2 - CPU Noise,memory_usage,tenant-ntk,tenant-nsy,0.0,0.0,0,0.0453662440449361,8.54026729384052,0.0
2 - CPU Noise,network_total_bandwidth,tenant-cpu,tenant-dsk,0.018968343145697102,0.6209839737847939,6,0.1134730751105645,-1.4599054954559088,3.161004124281256
2 - CPU Noise,network_total_bandwidth,tenant-cpu,tenant-mem,0.11341328363638499,0.5840671620251792,3,0.2063652629509413,-1.4599054954559088,6.481885676336891
2 - CPU Noise,network_total_bandwidth,tenant-cpu,tenant-nsy,0.024984870204269333,0.4194643296941251,3,0.0701698366658271,-1.4599054954559088,0.0
2 - CPU Noise,network_total_bandwidth,tenant-cpu,tenant-ntk,0.026713103549377965,0.5572572955933004,4,0.2634675311829202,-1.4599054954559088,3.676984333360831
2 - CPU Noise,network_total_bandwidth,tenant-dsk,tenant-cpu,0.009583067573389835,0.6071754770688343,5,0.1134730751105645,3.161004124281256,-1.4599054954559088
2 - CPU Noise,network_total_bandwidth,tenant-dsk,tenant-mem,0.015597005216930332,0.5396914630245999,4,0.2025310098065408,3.161004124281256,6.481885676336891
2 - CPU Noise,network_total_bandwidth,tenant-dsk,tenant-nsy,0.05134142729772237,0.3693848555552734,2,0.1066289215554224,3.161004124281256,0.0
2 - CPU Noise,network_total_bandwidth,tenant-dsk,tenant-ntk,0.12940943564734061,0.5129430800699354,2,0.2491072938440458,3.161004124281256,3.676984333360831
2 - CPU Noise,network_total_bandwidth,tenant-mem,tenant-cpu,0.004354230916864667,0.660902441559036,6,0.2063652629509413,6.481885676336891,-1.4599054954559088
2 - CPU Noise,network_total_bandwidth,tenant-mem,tenant-dsk,0.029392667067103483,0.5303375713665045,3,0.2025310098065408,6.481885676336891,3.161004124281256
2 - CPU Noise,network_total_bandwidth,tenant-mem,tenant-nsy,0.05424409392341512,0.39101084594054303,3,0.1578583637868476,6.481885676336891,0.0
2 - CPU Noise,network_total_bandwidth,tenant-mem,tenant-ntk,0.012553255861890135,0.5544549222348822,5,0.2739413335623886,6.481885676336891,3.676984333360831
2 - CPU Noise,network_total_bandwidth,tenant-nsy,tenant-cpu,0.09033768829172328,0.4979151265295478,3,0.0701698366658271,0.0,-1.4599054954559088
2 - CPU Noise,network_total_bandwidth,tenant-nsy,tenant-dsk,0.030185290399299066,0.4464674133618256,2,0.1066289215554224,0.0,3.161004124281256
2 - CPU Noise,network_total_bandwidth,tenant-nsy,tenant-mem,0.08481690595600948,0.48066022480046366,2,0.1578583637868476,0.0,6.481885676336891
2 - CPU Noise,network_total_bandwidth,tenant-nsy,tenant-ntk,0.028112414054503865,0.44912721587980414,3,0.1571458352828539,0.0,3.676984333360831
2 - CPU Noise,network_total_bandwidth,tenant-ntk,tenant-cpu,0.00038536993963165324,0.5699729791982485,6,0.2634675311829202,3.676984333360831,-1.4599054954559088
2 - CPU Noise,network_total_bandwidth,tenant-ntk,tenant-dsk,0.1037782750804423,0.4509364474780968,2,0.2491072938440458,3.676984333360831,3.161004124281256
2 - CPU Noise,network_total_bandwidth,tenant-ntk,tenant-mem,0.005899592523699077,0.570457079888893,5,0.2739413335623886,3.676984333360831,6.481885676336891
2 - CPU Noise,network_total_bandwidth,tenant-ntk,tenant-nsy,0.020581326089051635,0.3799792049170599,3,0.1571458352828539,3.676984333360831,0.0
3 - Memory Noise,cpu_usage,tenant-cpu,tenant-dsk,0.15551202023479915,0.4810900351984782,1,0.1762501902898737,-99.75668898118728,4.360520987038853
3 - Memory Noise,cpu_usage,tenant-cpu,tenant-mem,0.10011672857903307,0.42373953916419743,1,0.2208614117435701,-99.75668898118728,6.769495298234907
3 - Memory Noise,cpu_usage,tenant-cpu,tenant-nsy,0.2007224874828777,0.2435683351760124,1,0.1746974378051238,-99.75668898118728,0.0
3 - Memory Noise,cpu_usage,tenant-cpu,tenant-ntk,0.1011618430069046,0.5409490773292972,4,0.1872043084971014,-99.75668898118728,-3.838139210423915
3 - Memory Noise,cpu_usage,tenant-dsk,tenant-cpu,0.018154734552531634,0.4085787429470488,2,0.1762501902898737,4.360520987038853,-99.75668898118728
3 - Memory Noise,cpu_usage,tenant-dsk,tenant-mem,0.00041069047535319627,0.4230250736998624,3,0.3185141111518292,4.360520987038853,6.769495298234907
3 - Memory Noise,cpu_usage,tenant-dsk,tenant-nsy,0.035217088851971,0.2584489656293431,2,0.2224174421815062,4.360520987038853,0.0
3 - Memory Noise,cpu_usage,tenant-dsk,tenant-ntk,0.021156353689455464,0.5569454899963063,4,0.2930724109432621,4.360520987038853,-3.838139210423915
3 - Memory Noise,cpu_usage,tenant-mem,tenant-cpu,0.002991016040951653,0.4419802868372667,3,0.2208614117435701,6.769495298234907,-99.75668898118728
3 - Memory Noise,cpu_usage,tenant-mem,tenant-dsk,0.0016625294107866218,0.5315470162939279,5,0.3185141111518292,6.769495298234907,4.360520987038853
3 - Memory Noise,cpu_usage,tenant-mem,tenant-nsy,0.009937657013146613,0.26989718886554653,3,0.1992923604636047,6.769495298234907,0.0
3 - Memory Noise,cpu_usage,tenant-mem,tenant-ntk,0.00891242540859334,0.5333471672894844,5,0.4355985435071441,6.769495298234907,-3.838139210423915
3 - Memory Noise,cpu_usage,tenant-nsy,tenant-cpu,0.0007439286270408516,0.3212146906967816,3,0.1746974378051238,0.0,-99.75668898118728
3 - Memory Noise,cpu_usage,tenant-nsy,tenant-dsk,0.005529430001643035,0.4142577360266027,3,0.2224174421815062,0.0,4.360520987038853
3 - Memory Noise,cpu_usage,tenant-nsy,tenant-mem,3.54817808872707e-06,0.43446536094709115,3,0.1992923604636047,0.0,6.769495298234907
3 - Memory Noise,cpu_usage,tenant-nsy,tenant-ntk,0.0008250848374590534,0.42587763817575386,3,0.2340110184170309,0.0,-3.838139210423915
3 - Memory Noise,cpu_usage,tenant-ntk,tenant-cpu,0.0028043431753764,0.4326689125672427,3,0.1872043084971014,-3.838139210423915,-99.75668898118728
3 - Memory Noise,cpu_usage,tenant-ntk,tenant-dsk,0.011684956047937298,0.5342541080616416,4,0.2930724109432621,-3.838139210423915,4.360520987038853
3 - Memory Noise,cpu_usage,tenant-ntk,tenant-mem,0.04647328706313555,0.4387297294883648,2,0.4355985435071441,-3.838139210423915,6.769495298234907
3 - Memory Noise,cpu_usage,tenant-ntk,tenant-nsy,0.00012256924492914107,0.2544140538989787,3,0.2340110184170309,-3.838139210423915,0.0
3 - Memory Noise,disk_throughput_total,tenant-cpu,tenant-dsk,0.0,0.0,0,0.0,-100.0,-48.81170041154704
3 - Memory Noise,disk_throughput_total,tenant-cpu,tenant-mem,0.0,0.0,0,0.0,-100.0,0.0
3 - Memory Noise,disk_throughput_total,tenant-cpu,tenant-nsy,0.0,0.0,0,0.0,-100.0,0.0
3 - Memory Noise,disk_throughput_total,tenant-cpu,tenant-ntk,0.0,0.0,0,0.0,-100.0,-100.0
3 - Memory Noise,disk_throughput_total,tenant-dsk,tenant-cpu,0.0,0.0,0,0.0,-48.81170041154704,-100.0
3 - Memory Noise,disk_throughput_total,tenant-dsk,tenant-mem,0.7717352532554458,0.020409352152052765,0,-0.0069173884437241,-48.81170041154704,0.0
3 - Memory Noise,disk_throughput_total,tenant-dsk,tenant-nsy,0.4255462178108627,0.013227680223089034,0,0.0608119833806504,-48.81170041154704,0.0
3 - Memory Noise,disk_throughput_total,tenant-dsk,tenant-ntk,0.0,0.0,0,0.0,-48.81170041154704,-100.0
3 - Memory Noise,disk_throughput_total,tenant-mem,tenant-cpu,0.0,0.0,0,0.0,0.0,-100.0
3 - Memory Noise,disk_throughput_total,tenant-mem,tenant-dsk,0.5474116456292868,0.04245025849651113,0,-0.0069173884437241,0.0,-48.81170041154704
3 - Memory Noise,disk_throughput_total,tenant-mem,tenant-nsy,0.0,0.0,0,0.0,0.0,0.0
3 - Memory Noise,disk_throughput_total,tenant-mem,tenant-ntk,0.0,0.0,0,0.0,0.0,-100.0
3 - Memory Noise,disk_throughput_total,tenant-nsy,tenant-cpu,0.0,0.0,0,0.0,0.0,-100.0
3 - Memory Noise,disk_throughput_total,tenant-nsy,tenant-dsk,0.4634890267616339,0.024753171809563834,0,0.0608119833806504,0.0,-48.81170041154704
3 - Memory Noise,disk_throughput_total,tenant-nsy,tenant-mem,0.0,0.0,0,0.0,0.0,0.0
3 - Memory Noise,disk_throughput_total,tenant-nsy,tenant-ntk,0.0,0.0,0,0.0,0.0,-100.0
3 - Memory Noise,disk_throughput_total,tenant-ntk,tenant-cpu,0.0,0.0,0,0.0,-100.0,-100.0
3 - Memory Noise,disk_throughput_total,tenant-ntk,tenant-dsk,0.0,0.0,0,0.0,-100.0,-48.81170041154704
3 - Memory Noise,disk_throughput_total,tenant-ntk,tenant-mem,0.0,0.0,0,0.0,-100.0,0.0
3 - Memory Noise,disk_throughput_total,tenant-ntk,tenant-nsy,0.0,0.0,0,0.0,-100.0,0.0
3 - Memory Noise,memory_usage,tenant-cpu,tenant-dsk,0.6815921551856668,0.09861572821555376,0,0.1407227455778546,-27.3430470224804,2.6367243741439688
3 - Memory Noise,memory_usage,tenant-cpu,tenant-mem,0.33643993760413005,0.1554160516657205,0,-0.0138907793837804,-27.3430470224804,6.069956965983475
3 - Memory Noise,memory_usage,tenant-cpu,tenant-nsy,0.41638019043234625,0.023928786311347264,1,0.071652556850769,-27.3430470224804,0.0
3 - Memory Noise,memory_usage,tenant-cpu,tenant-ntk,0.45417810276538306,0.053196340284160336,0,-0.057489128620454,-27.3430470224804,8.54026729384052
3 - Memory Noise,memory_usage,tenant-dsk,tenant-cpu,0.5236129672087608,0.0849273901077871,1,0.1407227455778546,2.6367243741439688,-27.3430470224804
3 - Memory Noise,memory_usage,tenant-dsk,tenant-mem,0.3642488977753307,0.2934804045880415,0,0.0568442493939388,2.6367243741439688,6.069956965983475
3 - Memory Noise,memory_usage,tenant-dsk,tenant-nsy,0.973983566282484,0.0518937003369516,0,-0.0195379784204679,2.6367243741439688,0.0
3 - Memory Noise,memory_usage,tenant-dsk,tenant-ntk,0.5281482892068682,0.11672337535291594,0,0.094049547939593,2.6367243741439688,8.54026729384052
3 - Memory Noise,memory_usage,tenant-mem,tenant-cpu,0.7526064417984184,0.100510746839256,0,-0.0138907793837804,6.069956965983475,-27.3430470224804
3 - Memory Noise,memory_usage,tenant-mem,tenant-dsk,0.7233625262373325,0.17892710516932567,0,0.0568442493939388,6.069956965983475,2.6367243741439688
3 - Memory Noise,memory_usage,tenant-mem,tenant-nsy,0.8917575892029026,0.08961446776166697,0,-0.0631160932521062,6.069956965983475,0.0
3 - Memory Noise,memory_usage,tenant-mem,tenant-ntk,0.5723527792230386,0.21716151458431843,0,-0.0045276046428813,6.069956965983475,8.54026729384052
3 - Memory Noise,memory_usage,tenant-nsy,tenant-cpu,0.40508525189186045,0.08688543194423608,1,0.071652556850769,0.0,-27.3430470224804
3 - Memory Noise,memory_usage,tenant-nsy,tenant-dsk,0.7507811530482379,0.1298553853181534,0,-0.0195379784204679,0.0,2.6367243741439688
3 - Memory Noise,memory_usage,tenant-nsy,tenant-mem,0.796144742106108,0.33992751898949275,0,-0.0631160932521062,0.0,6.069956965983475
3 - Memory Noise,memory_usage,tenant-nsy,tenant-ntk,0.9217738381196265,0.13302556617036246,0,0.0118423752164718,0.0,8.54026729384052
3 - Memory Noise,memory_usage,tenant-ntk,tenant-cpu,0.3725770420444899,0.11354476949851977,0,-0.057489128620454,8.54026729384052,-27.3430470224804
3 - Memory Noise,memory_usage,tenant-ntk,tenant-dsk,0.575369410636942,0.17179783720239436,0,0.094049547939593,8.54026729384052,2.6367243741439688
3 - Memory Noise,memory_usage,tenant-ntk,tenant-mem,0.8958845469206617,0.413164806066473,1,-0.0045276046428813,8.54026729384052,6.069956965983475
3 - Memory Noise,memory_usage,tenant-ntk,tenant-nsy,0.8695285716439827,0.07736887321826706,0,0.0118423752164718,8.54026729384052,0.0
3 - Memory Noise,network_total_bandwidth,tenant-cpu,tenant-dsk,0.021836215236997965,0.5673042632000578,4,0.1524731413287402,-1.4599054954559088,3.161004124281256
3 - Memory Noise,network_total_bandwidth,tenant-cpu,tenant-mem,0.0012569401093598346,0.6056330100951338,6,0.1383015395348254,-1.4599054954559088,6.481885676336891
3 - Memory Noise,network_total_bandwidth,tenant-cpu,tenant-nsy,0.0395666480573312,0.2638395441663205,2,0.1082826140365016,-1.4599054954559088,0.0
3 - Memory Noise,network_total_bandwidth,tenant-cpu,tenant-ntk,0.11567575238496335,0.7013131231965772,5,0.19999618451302,-1.4599054954559088,3.676984333360831
3 - Memory Noise,network_total_bandwidth,tenant-dsk,tenant-cpu,0.03056691802687413,0.600825430350573,5,0.1524731413287402,3.161004124281256,-1.4599054954559088
3 - Memory Noise,network_total_bandwidth,tenant-dsk,tenant-mem,0.004480045258794667,0.5287480530405372,5,0.1597304606952936,3.161004124281256,6.481885676336891
3 - Memory Noise,network_total_bandwidth,tenant-dsk,tenant-nsy,0.15521466824161323,0.2406850422670267,1,0.1506478196866148,3.161004124281256,0.0
3 - Memory Noise,network_total_bandwidth,tenant-dsk,tenant-ntk,0.012810836486997837,0.5788963453479712,5,0.2118303349831964,3.161004124281256,3.676984333360831
3 - Memory Noise,network_total_bandwidth,tenant-mem,tenant-cpu,0.0340908272084126,0.6096522913309531,5,0.1383015395348254,6.481885676336891,-1.4599054954559088
3 - Memory Noise,network_total_bandwidth,tenant-mem,tenant-dsk,0.011349292948713868,0.5372072767789388,4,0.1597304606952936,6.481885676336891,3.161004124281256
3 - Memory Noise,network_total_bandwidth,tenant-mem,tenant-nsy,0.04639398393850466,0.27164102428608927,2,0.0848162077553564,6.481885676336891,0.0
3 - Memory Noise,network_total_bandwidth,tenant-mem,tenant-ntk,0.2877459716294186,0.6352142330234778,3,0.2440656779586238,6.481885676336891,3.676984333360831
3 - Memory Noise,network_total_bandwidth,tenant-nsy,tenant-cpu,0.018665690374615834,0.3977876341335234,2,0.1082826140365016,0.0,-1.4599054954559088
3 - Memory Noise,network_total_bandwidth,tenant-nsy,tenant-dsk,0.0179312743846233,0.3623550475604771,3,0.1506478196866148,0.0,3.161004124281256
3 - Memory Noise,network_total_bandwidth,tenant-nsy,tenant-mem,0.012697615737176133,0.3843394138500888,3,0.0848162077553564,0.0,6.481885676336891
3 - Memory Noise,network_total_bandwidth,tenant-nsy,tenant-ntk,0.0038871933603742,0.44768489343404405,4,0.2002053000873111,0.0,3.676984333360831
3 - Memory Noise,network_total_bandwidth,tenant-ntk,tenant-cpu,0.015391810296333209,0.6564624620128311,6,0.19999618451302,3.676984333360831,-1.4599054954559088
3 - Memory Noise,network_total_bandwidth,tenant-ntk,tenant-dsk,0.011567303443494268,0.5419070045245689,5,0.2118303349831964,3.676984333360831,3.161004124281256
3 - Memory Noise,network_total_bandwidth,tenant-ntk,tenant-mem,0.03808854705512783,0.6049387426050427,5,0.2440656779586238,3.676984333360831,6.481885676336891
3 - Memory Noise,network_total_bandwidth,tenant-ntk,tenant-nsy,6.37712451942465e-05,0.3002410112976513,3,0.2002053000873111,3.676984333360831,0.0
4 - Network Noise,cpu_usage,tenant-cpu,tenant-dsk,0.4959683853769028,0.4875128411258243,3,0.2102177366980635,-99.75668898118728,4.360520987038853
4 - Network Noise,cpu_usage,tenant-cpu,tenant-mem,0.3862444214873708,0.3906955748936123,1,0.2456307767852029,-99.75668898118728,6.769495298234907
4 - Network Noise,cpu_usage,tenant-cpu,tenant-nsy,0.33234870903627567,0.33108187220892127,2,0.2297351912456055,-99.75668898118728,0.0
4 - Network Noise,cpu_usage,tenant-cpu,tenant-ntk,0.37493704276355544,0.42472979928453225,1,0.1426531033294622,-99.75668898118728,-3.838139210423915
4 - Network Noise,cpu_usage,tenant-dsk,tenant-cpu,0.2920563378075386,0.48583657115155626,3,0.2102177366980635,4.360520987038853,-99.75668898118728
4 - Network Noise,cpu_usage,tenant-dsk,tenant-mem,0.02030495479264895,0.5213659791430366,3,0.4139744260453395,4.360520987038853,6.769495298234907
4 - Network Noise,cpu_usage,tenant-dsk,tenant-nsy,0.01478910299016521,0.3513380417072318,3,0.4387219973142094,4.360520987038853,0.0
4 - Network Noise,cpu_usage,tenant-dsk,tenant-ntk,0.09338030201250487,0.558882608613973,5,0.2985651044261172,4.360520987038853,-3.838139210423915
4 - Network Noise,cpu_usage,tenant-mem,tenant-cpu,0.1285041844516106,0.4086395820922471,2,0.2456307767852029,6.769495298234907,-99.75668898118728
4 - Network Noise,cpu_usage,tenant-mem,tenant-dsk,0.06107974213903847,0.5102474647228613,3,0.4139744260453395,6.769495298234907,4.360520987038853
4 - Network Noise,cpu_usage,tenant-mem,tenant-nsy,0.3215236798532664,0.29464657931245947,0,0.5132510847550441,6.769495298234907,0.0
4 - Network Noise,cpu_usage,tenant-mem,tenant-ntk,0.0059815425628075005,0.498534228470437,4,0.3247135202139035,6.769495298234907,-3.838139210423915
4 - Network Noise,cpu_usage,tenant-nsy,tenant-cpu,0.0270896457567661,0.4059680707253271,2,0.2297351912456055,0.0,-99.75668898118728
4 - Network Noise,cpu_usage,tenant-nsy,tenant-dsk,0.016978602687366406,0.45586968771968966,4,0.4387219973142094,0.0,4.360520987038853
4 - Network Noise,cpu_usage,tenant-nsy,tenant-mem,0.0022288520981199956,0.443513501407423,4,0.5132510847550441,0.0,6.769495298234907
4 - Network Noise,cpu_usage,tenant-nsy,tenant-ntk,2.5218006093122403e-07,0.49911727857090965,4,0.3139291407353428,0.0,-3.838139210423915
4 - Network Noise,cpu_usage,tenant-ntk,tenant-cpu,0.0735022474617427,0.5014655168716113,3,0.1426531033294622,-3.838139210423915,-99.75668898118728
4 - Network Noise,cpu_usage,tenant-ntk,tenant-dsk,0.0325531064819098,0.5222822721105197,4,0.2985651044261172,-3.838139210423915,4.360520987038853
4 - Network Noise,cpu_usage,tenant-ntk,tenant-mem,0.08846570559074175,0.4485887247248499,2,0.3247135202139035,-3.838139210423915,6.769495298234907
4 - Network Noise,cpu_usage,tenant-ntk,tenant-nsy,0.07744960153060704,0.3414664002887373,1,0.3139291407353428,-3.838139210423915,0.0
4 - Network Noise,disk_throughput_total,tenant-cpu,tenant-dsk,0.0,0.0,0,0.0,-100.0,-48.81170041154704
4 - Network Noise,disk_throughput_total,tenant-cpu,tenant-mem,0.0,0.0,0,0.0,-100.0,0.0
4 - Network Noise,disk_throughput_total,tenant-cpu,tenant-nsy,0.0,0.0,0,0.0,-100.0,0.0
4 - Network Noise,disk_throughput_total,tenant-cpu,tenant-ntk,0.0,0.0,0,0.0,-100.0,-100.0
4 - Network Noise,disk_throughput_total,tenant-dsk,tenant-cpu,0.0,0.0,0,0.0,-48.81170041154704,-100.0
4 - Network Noise,disk_throughput_total,tenant-dsk,tenant-mem,0.7416166247250336,0.031987362343133166,0,0.0110306125042125,-48.81170041154704,0.0
4 - Network Noise,disk_throughput_total,tenant-dsk,tenant-nsy,0.3224058042871967,0.04686233320583567,0,0.0594064434931164,-48.81170041154704,0.0
4 - Network Noise,disk_throughput_total,tenant-dsk,tenant-ntk,0.0,0.0,0,0.0,-48.81170041154704,-100.0
4 - Network Noise,disk_throughput_total,tenant-mem,tenant-cpu,0.0,0.0,0,0.0,0.0,-100.0
4 - Network Noise,disk_throughput_total,tenant-mem,tenant-dsk,0.42862199626709163,0.06052746581580764,0,0.0110306125042125,0.0,-48.81170041154704
4 - Network Noise,disk_throughput_total,tenant-mem,tenant-nsy,0.999997646716035,0.0002737134040105,0,-0.0403610215168425,0.0,0.0
4 - Network Noise,disk_throughput_total,tenant-mem,tenant-ntk,0.0,0.0,0,0.0,0.0,-100.0
4 - Network Noise,disk_throughput_total,tenant-nsy,tenant-cpu,0.0,0.0,0,0.0,0.0,-100.0
4 - Network Noise,disk_throughput_total,tenant-nsy,tenant-dsk,0.5665741685110955,0.1147667219919669,0,0.0594064434931164,0.0,-48.81170041154704
4 - Network Noise,disk_throughput_total,tenant-nsy,tenant-mem,0.7852690732803009,0.00042005592981989996,0,-0.0403610215168425,0.0,0.0
4 - Network Noise,disk_throughput_total,tenant-nsy,tenant-ntk,0.0,0.0,0,0.0,0.0,-100.0
4 - Network Noise,disk_throughput_total,tenant-ntk,tenant-cpu,0.0,0.0,0,0.0,-100.0,-100.0
4 - Network Noise,disk_throughput_total,tenant-ntk,tenant-dsk,0.0,0.0,0,0.0,-100.0,-48.81170041154704
4 - Network Noise,disk_throughput_total,tenant-ntk,tenant-mem,0.0,0.0,0,0.0,-100.0,0.0
4 - Network Noise,disk_throughput_total,tenant-ntk,tenant-nsy,0.0,0.0,0,0.0,-100.0,0.0
4 - Network Noise,memory_usage,tenant-cpu,tenant-dsk,0.4060927329904826,0.0343320172202504,1,0.0477088837151034,-27.3430470224804,2.6367243741439688
4 - Network Noise,memory_usage,tenant-cpu,tenant-mem,0.4644824824322682,0.053823177370263264,0,0.0005158457110358,-27.3430470224804,6.069956965983475
4 - Network Noise,memory_usage,tenant-cpu,tenant-nsy,0.7389376233572582,0.0016477824003087,0,-0.0092945000450159,-27.3430470224804,0.0
4 - Network Noise,memory_usage,tenant-cpu,tenant-ntk,0.8771657092091248,0.0031593878294892334,0,-0.0019602008426386,-27.3430470224804,8.54026729384052
4 - Network Noise,memory_usage,tenant-dsk,tenant-cpu,0.7088739136717428,0.03564141951147717,0,0.0477088837151034,2.6367243741439688,-27.3430470224804
4 - Network Noise,memory_usage,tenant-dsk,tenant-mem,0.6107206600249783,0.2598488276086246,0,-0.0704789296665281,2.6367243741439688,6.069956965983475
4 - Network Noise,memory_usage,tenant-dsk,tenant-nsy,0.5350195271582529,0.08294674159380677,0,0.052992082295248,2.6367243741439688,0.0
4 - Network Noise,memory_usage,tenant-dsk,tenant-ntk,0.3489130806751248,0.08389594920455544,0,0.0681242490086397,2.6367243741439688,8.54026729384052
4 - Network Noise,memory_usage,tenant-mem,tenant-cpu,0.4339259045394543,0.04394596641706403,0,0.0005158457110358,6.069956965983475,-27.3430470224804
4 - Network Noise,memory_usage,tenant-mem,tenant-dsk,0.5678118640056101,0.2337390534062899,0,-0.0704789296665281,6.069956965983475,2.6367243741439688
4 - Network Noise,memory_usage,tenant-mem,tenant-nsy,0.49278554985358697,0.12944743903822087,0,-0.1044902009728553,6.069956965983475,0.0
4 - Network Noise,memory_usage,tenant-mem,tenant-ntk,0.26110041605987855,0.14648159803046107,1,-0.0361940309095026,6.069956965983475,8.54026729384052
4 - Network Noise,memory_usage,tenant-nsy,tenant-cpu,0.7216652220442609,0.03216736998835863,0,-0.0092945000450159,0.0,-27.3430470224804
4 - Network Noise,memory_usage,tenant-nsy,tenant-dsk,0.7954481973826139,0.19297898635380784,0,0.052992082295248,0.0,2.6367243741439688
4 - Network Noise,memory_usage,tenant-nsy,tenant-mem,0.31428620277677394,0.3156018627748962,1,-0.1044902009728553,0.0,6.069956965983475
4 - Network Noise,memory_usage,tenant-nsy,tenant-ntk,0.8843339504937083,0.09075152411875882,0,-0.2170140528764174,0.0,8.54026729384052
4 - Network Noise,memory_usage,tenant-ntk,tenant-cpu,0.8058394230257138,0.019565252860573968,0,-0.0019602008426386,8.54026729384052,-27.3430470224804
4 - Network Noise,memory_usage,tenant-ntk,tenant-dsk,0.12613694908837045,0.1664288897877476,1,0.0681242490086397,8.54026729384052,2.6367243741439688
4 - Network Noise,memory_usage,tenant-ntk,tenant-mem,0.3770570016652304,0.29164989264553837,1,-0.0361940309095026,8.54026729384052,6.069956965983475
4 - Network Noise,memory_usage,tenant-ntk,tenant-nsy,0.7809563221959879,0.07501098262255763,0,-0.2170140528764174,8.54026729384052,0.0
4 - Network Noise,network_total_bandwidth,tenant-cpu,tenant-dsk,0.19666532478900486,0.5780257698645549,3,0.0847519553354846,-1.4599054954559088,3.161004124281256
4 - Network Noise,network_total_bandwidth,tenant-cpu,tenant-mem,0.1257518188107654,0.5933333405727932,4,0.1675166014791043,-1.4599054954559088,6.481885676336891
4 - Network Noise,network_total_bandwidth,tenant-cpu,tenant-nsy,0.08695527782724298,0.13540093401860678,0,0.0346518967286221,-1.4599054954559088,0.0
4 - Network Noise,network_total_bandwidth,tenant-cpu,tenant-ntk,0.32720786170989147,0.5936155838525238,3,0.2984626373927879,-1.4599054954559088,3.676984333360831
4 - Network Noise,network_total_bandwidth,tenant-dsk,tenant-cpu,0.21184543723885593,0.5172074350542352,4,0.0847519553354846,3.161004124281256,-1.4599054954559088
4 - Network Noise,network_total_bandwidth,tenant-dsk,tenant-mem,0.025688626666357902,0.555141266178467,5,0.1602885352954773,3.161004124281256,6.481885676336891
4 - Network Noise,network_total_bandwidth,tenant-dsk,tenant-nsy,0.6888227526948351,0.11623591539189117,0,0.074373016670756,3.161004124281256,0.0
4 - Network Noise,network_total_bandwidth,tenant-dsk,tenant-ntk,0.33246718232510103,0.5488652873341546,3,0.2239074065813624,3.161004124281256,3.676984333360831
4 - Network Noise,network_total_bandwidth,tenant-mem,tenant-cpu,0.15026615969318544,0.560132229019168,3,0.1675166014791043,6.481885676336891,-1.4599054954559088
4 - Network Noise,network_total_bandwidth,tenant-mem,tenant-dsk,0.008969196795971532,0.5585866357057491,6,0.1602885352954773,6.481885676336891,3.161004124281256
4 - Network Noise,network_total_bandwidth,tenant-mem,tenant-nsy,0.22138146075226664,0.12615981636589738,2,0.0631440153744697,6.481885676336891,0.0
4 - Network Noise,network_total_bandwidth,tenant-mem,tenant-ntk,0.29553580513154265,0.59667093228463,4,0.2552375897043271,6.481885676336891,3.676984333360831
4 - Network Noise,network_total_bandwidth,tenant-nsy,tenant-cpu,0.3726584089380587,0.24698226520162345,1,0.0346518967286221,0.0,-1.4599054954559088
4 - Network Noise,network_total_bandwidth,tenant-nsy,tenant-dsk,0.09624607419057608,0.22769896193080927,2,0.074373016670756,0.0,3.161004124281256
4 - Network Noise,network_total_bandwidth,tenant-nsy,tenant-mem,0.2961101579224253,0.26311478914229464,1,0.0631440153744697,0.0,6.481885676336891
4 - Network Noise,network_total_bandwidth,tenant-nsy,tenant-ntk,0.07522119212619292,0.2802195031468055,2,0.1235694454284095,0.0,3.676984333360831
4 - Network Noise,network_total_bandwidth,tenant-ntk,tenant-cpu,0.17703421042666198,0.5565988051921721,3,0.2984626373927879,3.676984333360831,-1.4599054954559088
4 - Network Noise,network_total_bandwidth,tenant-ntk,tenant-dsk,0.03055667034927677,0.5802236574713856,5,0.2239074065813624,3.676984333360831,3.161004124281256
4 - Network Noise,network_total_bandwidth,tenant-ntk,tenant-mem,0.0202783992386393,0.6582715938772126,6,0.2552375897043271,3.676984333360831,6.481885676336891
4 - Network Noise,network_total_bandwidth,tenant-ntk,tenant-nsy,0.23955435363463604,0.1340930186978789,2,0.1235694454284095,3.676984333360831,0.0
5 - Disk Noise,cpu_usage,tenant-cpu,tenant-dsk,0.3693240690608781,0.4761640331673583,2,0.1638867069346029,-99.75668898118728,4.360520987038853
5 - Disk Noise,cpu_usage,tenant-cpu,tenant-mem,0.20845721733314448,0.5226560019151839,2,0.3042609517337283,-99.75668898118728,6.769495298234907
5 - Disk Noise,cpu_usage,tenant-cpu,tenant-nsy,0.487517310124804,0.3533797304829169,0,0.3792977720218094,-99.75668898118728,0.0
5 - Disk Noise,cpu_usage,tenant-cpu,tenant-ntk,0.4114049681271415,0.4126666665382639,0,0.1932373285300141,-99.75668898118728,-3.838139210423915
5 - Disk Noise,cpu_usage,tenant-dsk,tenant-cpu,0.12727034504552373,0.4446020780014352,0,0.1638867069346029,4.360520987038853,-99.75668898118728
5 - Disk Noise,cpu_usage,tenant-dsk,tenant-mem,0.000827417328925157,0.5502215086821197,5,0.4203812034578554,4.360520987038853,6.769495298234907
5 - Disk Noise,cpu_usage,tenant-dsk,tenant-nsy,0.12652773506545442,0.4072694259619117,1,0.4043314394494528,4.360520987038853,0.0
5 - Disk Noise,cpu_usage,tenant-dsk,tenant-ntk,0.022885970552289917,0.49827553113997675,3,0.4044330624792014,4.360520987038853,-3.838139210423915
5 - Disk Noise,cpu_usage,tenant-mem,tenant-cpu,0.13798031379549003,0.4979808286067559,3,0.3042609517337283,6.769495298234907,-99.75668898118728
5 - Disk Noise,cpu_usage,tenant-mem,tenant-dsk,0.17080736128678256,0.5530070368841736,4,0.4203812034578554,6.769495298234907,4.360520987038853
5 - Disk Noise,cpu_usage,tenant-mem,tenant-nsy,0.3011148916709701,0.3794288421486716,0,0.4959762211347784,6.769495298234907,0.0
5 - Disk Noise,cpu_usage,tenant-mem,tenant-ntk,0.02068361804518817,0.4647384061452251,3,0.506063479845718,6.769495298234907,-3.838139210423915
5 - Disk Noise,cpu_usage,tenant-nsy,tenant-cpu,0.2432378847712047,0.509153740511476,3,0.3792977720218094,0.0,-99.75668898118728
5 - Disk Noise,cpu_usage,tenant-nsy,tenant-dsk,0.005266892006571901,0.5430562462895033,5,0.4043314394494528,0.0,4.360520987038853
5 - Disk Noise,cpu_usage,tenant-nsy,tenant-mem,0.0011620192822942668,0.5334526487361401,5,0.4959762211347784,0.0,6.769495298234907
5 - Disk Noise,cpu_usage,tenant-nsy,tenant-ntk,0.0002727306204431366,0.4387043213598962,4,0.4342394794185971,0.0,-3.838139210423915
5 - Disk Noise,cpu_usage,tenant-ntk,tenant-cpu,0.15643907044375652,0.45379086047323053,0,0.1932373285300141,-3.838139210423915,-99.75668898118728
5 - Disk Noise,cpu_usage,tenant-ntk,tenant-dsk,0.0338423671603847,0.48737189509044515,3,0.4044330624792014,-3.838139210423915,4.360520987038853
5 - Disk Noise,cpu_usage,tenant-ntk,tenant-mem,0.013386801413069633,0.4884980272180968,4,0.506063479845718,-3.838139210423915,6.769495298234907
5 - Disk Noise,cpu_usage,tenant-ntk,tenant-nsy,0.3014116469086377,0.38016458648726287,1,0.4342394794185971,-3.838139210423915,0.0
5 - Disk Noise,disk_throughput_total,tenant-cpu,tenant-dsk,0.0,0.0,0,0.0,-100.0,-48.81170041154704
5 - Disk Noise,disk_throughput_total,tenant-cpu,tenant-mem,0.0,0.0,0,0.0,-100.0,0.0
5 - Disk Noise,disk_throughput_total,tenant-cpu,tenant-nsy,0.0,0.0,0,0.0,-100.0,0.0
5 - Disk Noise,disk_throughput_total,tenant-cpu,tenant-ntk,0.0,0.0,0,0.0,-100.0,-100.0
5 - Disk Noise,disk_throughput_total,tenant-dsk,tenant-cpu,0.0,0.0,0,0.0,-48.81170041154704,-100.0
5 - Disk Noise,disk_throughput_total,tenant-dsk,tenant-mem,0.0,0.0,0,0.0,-48.81170041154704,0.0
5 - Disk Noise,disk_throughput_total,tenant-dsk,tenant-nsy,0.057677617343636196,0.2575230045037409,2,0.0921119925246032,-48.81170041154704,0.0
5 - Disk Noise,disk_throughput_total,tenant-dsk,tenant-ntk,0.0,0.0,0,0.0,-48.81170041154704,-100.0
5 - Disk Noise,disk_throughput_total,tenant-mem,tenant-cpu,0.0,0.0,0,0.0,0.0,-100.0
5 - Disk Noise,disk_throughput_total,tenant-mem,tenant-dsk,0.0,0.0,0,0.0,0.0,-48.81170041154704
5 - Disk Noise,disk_throughput_total,tenant-mem,tenant-nsy,0.0,0.0,0,0.0,0.0,0.0
5 - Disk Noise,disk_throughput_total,tenant-mem,tenant-ntk,0.0,0.0,0,0.0,0.0,-100.0
5 - Disk Noise,disk_throughput_total,tenant-nsy,tenant-cpu,0.0,0.0,0,0.0,0.0,-100.0
5 - Disk Noise,disk_throughput_total,tenant-nsy,tenant-dsk,0.050859047417875274,0.46803413524975723,2,0.0921119925246032,0.0,-48.81170041154704
5 - Disk Noise,disk_throughput_total,tenant-nsy,tenant-mem,0.0,0.0,0,0.0,0.0,0.0
5 - Disk Noise,disk_throughput_total,tenant-nsy,tenant-ntk,0.0,0.0,0,0.0,0.0,-100.0
5 - Disk Noise,disk_throughput_total,tenant-ntk,tenant-cpu,0.0,0.0,0,0.0,-100.0,-100.0
5 - Disk Noise,disk_throughput_total,tenant-ntk,tenant-dsk,0.0,0.0,0,0.0,-100.0,-48.81170041154704
5 - Disk Noise,disk_throughput_total,tenant-ntk,tenant-mem,0.0,0.0,0,0.0,-100.0,0.0
5 - Disk Noise,disk_throughput_total,tenant-ntk,tenant-nsy,0.0,0.0,0,0.0,-100.0,0.0
5 - Disk Noise,memory_usage,tenant-cpu,tenant-dsk,0.6251549311267094,0.035836624548218565,0,-0.0601028583733248,-27.3430470224804,2.6367243741439688
5 - Disk Noise,memory_usage,tenant-cpu,tenant-mem,0.43519703999181686,0.04628596521054167,0,0.0203875634686783,-27.3430470224804,6.069956965983475
5 - Disk Noise,memory_usage,tenant-cpu,tenant-nsy,0.4291759093587136,0.029028808563836467,0,-0.0047241208362185,-27.3430470224804,0.0
5 - Disk Noise,memory_usage,tenant-cpu,tenant-ntk,0.9856049153145721,0.0261091997979907,0,0.0761067846351745,-27.3430470224804,8.54026729384052
5 - Disk Noise,memory_usage,tenant-dsk,tenant-cpu,0.5877165805995711,0.03218240835969207,0,-0.0601028583733248,2.6367243741439688,-27.3430470224804
5 - Disk Noise,memory_usage,tenant-dsk,tenant-mem,0.7817088099918835,0.33450579042311895,0,-0.0829006456714949,2.6367243741439688,6.069956965983475
5 - Disk Noise,memory_usage,tenant-dsk,tenant-nsy,0.7059747355024891,0.11889049004029477,0,0.0759932283916614,2.6367243741439688,0.0
5 - Disk Noise,memory_usage,tenant-dsk,tenant-ntk,0.6241650154187471,0.15570628723615637,0,-0.0415551414482077,2.6367243741439688,8.54026729384052
5 - Disk Noise,memory_usage,tenant-mem,tenant-cpu,0.8164471234488534,0.029560601107916334,0,0.0203875634686783,6.069956965983475,-27.3430470224804
5 - Disk Noise,memory_usage,tenant-mem,tenant-dsk,0.32731498518850466,0.30401634386660503,1,-0.0829006456714949,6.069956965983475,2.6367243741439688
5 - Disk Noise,memory_usage,tenant-mem,tenant-nsy,0.7717207751284018,0.13877660762856162,0,0.2042017955911664,6.069956965983475,0.0
5 - Disk Noise,memory_usage,tenant-mem,tenant-ntk,0.8208021476769897,0.1986259881252317,0,0.041789623973522,6.069956965983475,8.54026729384052
5 - Disk Noise,memory_usage,tenant-nsy,tenant-cpu,0.5450805002060677,0.049513849554965135,0,-0.0047241208362185,0.0,-27.3430470224804
5 - Disk Noise,memory_usage,tenant-nsy,tenant-dsk,0.37198057518583244,0.30538270981730226,1,0.0759932283916614,0.0,2.6367243741439688
5 - Disk Noise,memory_usage,tenant-nsy,tenant-mem,0.8610577576073322,0.4842185862617052,1,0.2042017955911664,0.0,6.069956965983475
5 - Disk Noise,memory_usage,tenant-nsy,tenant-ntk,0.7375590455023576,0.22277029685331115,0,0.2137643947001745,0.0,8.54026729384052
5 - Disk Noise,memory_usage,tenant-ntk,tenant-cpu,0.9349503321765679,0.040116703821683065,0,0.0761067846351745,8.54026729384052,-27.3430470224804
5 - Disk Noise,memory_usage,tenant-ntk,tenant-dsk,0.6226767520915132,0.2598934468033203,0,-0.0415551414482077,8.54026729384052,2.6367243741439688
5 - Disk Noise,memory_usage,tenant-ntk,tenant-mem,0.805070329073589,0.4510657812779873,0,0.041789623973522,8.54026729384052,6.069956965983475
5 - Disk Noise,memory_usage,tenant-ntk,tenant-nsy,0.6269376235313382,0.1503445904443171,0,0.2137643947001745,8.54026729384052,0.0
5 - Disk Noise,network_total_bandwidth,tenant-cpu,tenant-dsk,0.21623996271774645,0.662347999337111,4,0.1987525706615367,-1.4599054954559088,3.161004124281256
5 - Disk Noise,network_total_bandwidth,tenant-cpu,tenant-mem,0.19904445042519112,0.6105272767471491,4,0.2906662915957327,-1.4599054954559088,6.481885676336891
5 - Disk Noise,network_total_bandwidth,tenant-cpu,tenant-nsy,0.057063148279452934,0.6124381580615813,5,0.097484561197466,-1.4599054954559088,0.0
5 - Disk Noise,network_total_bandwidth,tenant-cpu,tenant-ntk,0.5936168221361605,0.6137190895200648,3,0.2626314033732851,-1.4599054954559088,3.676984333360831
5 - Disk Noise,network_total_bandwidth,tenant-dsk,tenant-cpu,0.25818083131424635,0.6813301133947288,4,0.1987525706615367,3.161004124281256,-1.4599054954559088
5 - Disk Noise,network_total_bandwidth,tenant-dsk,tenant-mem,0.20764368374365474,0.5530552912824058,3,0.2255730152959526,3.161004124281256,6.481885676336891
5 - Disk Noise,network_total_bandwidth,tenant-dsk,tenant-nsy,0.07165515703019133,0.5830917724534911,5,0.1199582971113546,3.161004124281256,0.0
5 - Disk Noise,network_total_bandwidth,tenant-dsk,tenant-ntk,0.2543996037954634,0.6423026205161434,3,0.2216979026018503,3.161004124281256,3.676984333360831
5 - Disk Noise,network_total_bandwidth,tenant-mem,tenant-cpu,0.32994377342191156,0.6327678778944018,3,0.2906662915957327,6.481885676336891,-1.4599054954559088
5 - Disk Noise,network_total_bandwidth,tenant-mem,tenant-dsk,0.07109027674340869,0.5748269527594859,4,0.2255730152959526,6.481885676336891,3.161004124281256
5 - Disk Noise,network_total_bandwidth,tenant-mem,tenant-nsy,0.22494449189088636,0.5292462004455974,3,0.1579425064097775,6.481885676336891,0.0
5 - Disk Noise,network_total_bandwidth,tenant-mem,tenant-ntk,0.09206758218265243,0.5497974613844189,4,0.2527337577779757,6.481885676336891,3.676984333360831
5 - Disk Noise,network_total_bandwidth,tenant-nsy,tenant-cpu,0.04124492027241964,0.6307935949569142,5,0.097484561197466,0.0,-1.4599054954559088
5 - Disk Noise,network_total_bandwidth,tenant-nsy,tenant-dsk,0.06633433914595425,0.6687232944419561,5,0.1199582971113546,0.0,3.161004124281256
5 - Disk Noise,network_total_bandwidth,tenant-nsy,tenant-mem,0.10638456595660534,0.5764878484681789,4,0.1579425064097775,0.0,6.481885676336891
5 - Disk Noise,network_total_bandwidth,tenant-nsy,tenant-ntk,0.020270296423525267,0.6529350857384516,5,0.2486897919698322,0.0,3.676984333360831
5 - Disk Noise,network_total_bandwidth,tenant-ntk,tenant-cpu,0.22694733800570277,0.6446914561674633,4,0.2626314033732851,3.676984333360831,-1.4599054954559088
5 - Disk Noise,network_total_bandwidth,tenant-ntk,tenant-dsk,0.15639602278538833,0.6358583308367968,4,0.2216979026018503,3.676984333360831,3.161004124281256
5 - Disk Noise,network_total_bandwidth,tenant-ntk,tenant-mem,0.039487501253147504,0.5839444832460168,5,0.2527337577779757,3.676984333360831,6.481885676336891
5 - Disk Noise,network_total_bandwidth,tenant-ntk,tenant-nsy,0.14809326531027728,0.6342737373321164,5,0.2486897919698322,3.676984333360831,0.0
6 - Combined Noise,cpu_usage,tenant-cpu,tenant-dsk,0.1684358066586693,0.5393969541287188,2,0.160543249404994,-99.75668898118728,4.360520987038853
6 - Combined Noise,cpu_usage,tenant-cpu,tenant-mem,0.46352941109840157,0.5647073065663951,3,0.2814008105735412,-99.75668898118728,6.769495298234907
6 - Combined Noise,cpu_usage,tenant-cpu,tenant-nsy,0.19141485379619094,0.6514381285424083,4,0.168461550671844,-99.75668898118728,0.0
6 - Combined Noise,cpu_usage,tenant-cpu,tenant-ntk,0.25069671498642326,0.5208731376420924,2,0.2222575433182797,-99.75668898118728,-3.838139210423915
6 - Combined Noise,cpu_usage,tenant-dsk,tenant-cpu,0.12439720210674847,0.5417907338957112,4,0.160543249404994,4.360520987038853,-99.75668898118728
6 - Combined Noise,cpu_usage,tenant-dsk,tenant-mem,0.061109574265927835,0.5179295290609466,2,0.4407628569571365,4.360520987038853,6.769495298234907
6 - Combined Noise,cpu_usage,tenant-dsk,tenant-nsy,0.21078229030181592,0.6070394043560583,5,0.5015784960070654,4.360520987038853,0.0
6 - Combined Noise,cpu_usage,tenant-dsk,tenant-ntk,0.04384589272807119,0.5102373079555218,4,0.4252814939494837,4.360520987038853,-3.838139210423915
6 - Combined Noise,cpu_usage,tenant-mem,tenant-cpu,0.09944439193391667,0.596910693766318,4,0.2814008105735412,6.769495298234907,-99.75668898118728
6 - Combined Noise,cpu_usage,tenant-mem,tenant-dsk,0.041612001474276204,0.5476471454256061,3,0.4407628569571365,6.769495298234907,4.360520987038853
6 - Combined Noise,cpu_usage,tenant-mem,tenant-nsy,0.21581582925789267,0.6057771892924534,3,0.5024782578940843,6.769495298234907,0.0
6 - Combined Noise,cpu_usage,tenant-mem,tenant-ntk,0.04693650997433365,0.5728244209070406,5,0.3852484909257186,6.769495298234907,-3.838139210423915
6 - Combined Noise,cpu_usage,tenant-nsy,tenant-cpu,0.05276711716970353,0.6066251628922911,4,0.168461550671844,0.0,-99.75668898118728
6 - Combined Noise,cpu_usage,tenant-nsy,tenant-dsk,0.005658906425554516,0.5870191045411467,4,0.5015784960070654,0.0,4.360520987038853
6 - Combined Noise,cpu_usage,tenant-nsy,tenant-mem,0.0008300011709118692,0.590022511327899,6,0.5024782578940843,0.0,6.769495298234907
6 - Combined Noise,cpu_usage,tenant-nsy,tenant-ntk,0.0005037975451744292,0.6786134223837755,6,0.3859281755606272,0.0,-3.838139210423915
6 - Combined Noise,cpu_usage,tenant-ntk,tenant-cpu,0.2664214061501072,0.5731552280701745,4,0.2222575433182797,-3.838139210423915,-99.75668898118728
6 - Combined Noise,cpu_usage,tenant-ntk,tenant-dsk,0.1081106461938242,0.5237737344183065,4,0.4252814939494837,-3.838139210423915,4.360520987038853
6 - Combined Noise,cpu_usage,tenant-ntk,tenant-mem,0.27738543825487233,0.591561423986621,3,0.3852484909257186,-3.838139210423915,6.769495298234907
6 - Combined Noise,cpu_usage,tenant-ntk,tenant-nsy,0.06595009751725593,0.6167491390039349,5,0.3859281755606272,-3.838139210423915,0.0
6 - Combined Noise,disk_throughput_total,tenant-cpu,tenant-dsk,0.0,0.0,0,0.0,-100.0,-48.81170041154704
6 - Combined Noise,disk_throughput_total,tenant-cpu,tenant-mem,0.0,0.0,0,0.0,-100.0,0.0
6 - Combined Noise,disk_throughput_total,tenant-cpu,tenant-nsy,0.0,0.0,0,0.0,-100.0,0.0
6 - Combined Noise,disk_throughput_total,tenant-cpu,tenant-ntk,0.0,0.0,0,0.0,-100.0,-100.0
6 - Combined Noise,disk_throughput_total,tenant-dsk,tenant-cpu,0.0,0.0,0,0.0,-48.81170041154704,-100.0
6 - Combined Noise,disk_throughput_total,tenant-dsk,tenant-mem,0.0,0.0,0,0.0,-48.81170041154704,0.0
6 - Combined Noise,disk_throughput_total,tenant-dsk,tenant-nsy,0.05816021358213943,0.601672096125423,5,0.3188474321740416,-48.81170041154704,0.0
6 - Combined Noise,disk_throughput_total,tenant-dsk,tenant-ntk,0.0,0.0,0,0.0,-48.81170041154704,-100.0
6 - Combined Noise,disk_throughput_total,tenant-mem,tenant-cpu,0.0,0.0,0,0.0,0.0,-100.0
6 - Combined Noise,disk_throughput_total,tenant-mem,tenant-dsk,0.0,0.0,0,0.0,0.0,-48.81170041154704
6 - Combined Noise,disk_throughput_total,tenant-mem,tenant-nsy,0.0,0.0,0,0.0,0.0,0.0
6 - Combined Noise,disk_throughput_total,tenant-mem,tenant-ntk,0.0,0.0,0,0.0,0.0,-100.0
6 - Combined Noise,disk_throughput_total,tenant-nsy,tenant-cpu,0.0,0.0,0,0.0,0.0,-100.0
6 - Combined Noise,disk_throughput_total,tenant-nsy,tenant-dsk,0.2883470921974556,0.5373105056575935,3,0.3188474321740416,0.0,-48.81170041154704
6 - Combined Noise,disk_throughput_total,tenant-nsy,tenant-mem,0.0,0.0,0,0.0,0.0,0.0
6 - Combined Noise,disk_throughput_total,tenant-nsy,tenant-ntk,0.0,0.0,0,0.0,0.0,-100.0
6 - Combined Noise,disk_throughput_total,tenant-ntk,tenant-cpu,0.0,0.0,0,0.0,-100.0,-100.0
6 - Combined Noise,disk_throughput_total,tenant-ntk,tenant-dsk,0.0,0.0,0,0.0,-100.0,-48.81170041154704
6 - Combined Noise,disk_throughput_total,tenant-ntk,tenant-mem,0.0,0.0,0,0.0,-100.0,0.0
6 - Combined Noise,disk_throughput_total,tenant-ntk,tenant-nsy,0.0,0.0,0,0.0,-100.0,0.0
6 - Combined Noise,memory_usage,tenant-cpu,tenant-dsk,0.9349034847408468,0.08738613718865597,0,-0.0507210497699948,-27.3430470224804,2.6367243741439688
6 - Combined Noise,memory_usage,tenant-cpu,tenant-mem,0.49786959337635284,0.1031339108105696,0,-0.0352513358860167,-27.3430470224804,6.069956965983475
6 - Combined Noise,memory_usage,tenant-cpu,tenant-nsy,0.9754988833208373,0.0180741640202163,0,0.0602864585670304,-27.3430470224804,0.0
6 - Combined Noise,memory_usage,tenant-cpu,tenant-ntk,0.9525148649823221,0.0571057280568417,0,-0.0427126770345252,-27.3430470224804,8.54026729384052
6 - Combined Noise,memory_usage,tenant-dsk,tenant-cpu,0.6041540310777944,0.0539568841172779,0,-0.0507210497699948,2.6367243741439688,-27.3430470224804
6 - Combined Noise,memory_usage,tenant-dsk,tenant-mem,0.6343129146323913,0.25247597316769826,0,-0.0275978861982443,2.6367243741439688,6.069956965983475
6 - Combined Noise,memory_usage,tenant-dsk,tenant-nsy,0.6579273812963259,0.05963959304548516,0,0.0398391721068854,2.6367243741439688,0.0
6 - Combined Noise,memory_usage,tenant-dsk,tenant-ntk,0.9257096207031509,0.12214704243908432,0,0.0059964925620206,2.6367243741439688,8.54026729384052
6 - Combined Noise,memory_usage,tenant-mem,tenant-cpu,0.2534140080908316,0.0577777824147381,0,-0.0352513358860167,6.069956965983475,-27.3430470224804
6 - Combined Noise,memory_usage,tenant-mem,tenant-dsk,0.5969916735946109,0.21782143423768754,0,-0.0275978861982443,6.069956965983475,2.6367243741439688
6 - Combined Noise,memory_usage,tenant-mem,tenant-nsy,0.391217027783696,0.08841632617931346,0,-0.1453798973556999,6.069956965983475,0.0
6 - Combined Noise,memory_usage,tenant-mem,tenant-ntk,0.3411688224752978,0.14016905433728344,0,-0.0351669488233525,6.069956965983475,8.54026729384052
6 - Combined Noise,memory_usage,tenant-nsy,tenant-cpu,0.9470184101340916,0.03409967692774177,0,0.0602864585670304,0.0,-27.3430470224804
6 - Combined Noise,memory_usage,tenant-nsy,tenant-dsk,0.6356697819889456,0.1961578188955376,0,0.0398391721068854,0.0,2.6367243741439688
6 - Combined Noise,memory_usage,tenant-nsy,tenant-mem,0.38509336066496974,0.2524170290788674,1,-0.1453798973556999,0.0,6.069956965983475
6 - Combined Noise,memory_usage,tenant-nsy,tenant-ntk,0.6061935034059123,0.14492724283759664,0,0.0933450837985409,0.0,8.54026729384052
6 - Combined Noise,memory_usage,tenant-ntk,tenant-cpu,0.6451256998272434,0.0742903444292166,1,-0.0427126770345252,8.54026729384052,-27.3430470224804
6 - Combined Noise,memory_usage,tenant-ntk,tenant-dsk,0.6236531165865636,0.21276528184425528,0,0.0059964925620206,8.54026729384052,2.6367243741439688
6 - Combined Noise,memory_usage,tenant-ntk,tenant-mem,0.8385606409077614,0.29369289601299764,0,-0.0351669488233525,8.54026729384052,6.069956965983475
6 - Combined Noise,memory_usage,tenant-ntk,tenant-nsy,0.6801632127918746,0.10229042635463786,0,0.0933450837985409,8.54026729384052,0.0
6 - Combined Noise,network_total_bandwidth,tenant-cpu,tenant-dsk,0.07510850915177876,0.5454506302298794,3,0.1998811053870209,-1.4599054954559088,3.161004124281256
6 - Combined Noise,network_total_bandwidth,tenant-cpu,tenant-mem,0.04432032342314607,0.7035956292787997,5,0.1581179301762157,-1.4599054954559088,6.481885676336891
6 - Combined Noise,network_total_bandwidth,tenant-cpu,tenant-nsy,0.0470658644072549,0.6233120567086946,5,0.1546456776306287,-1.4599054954559088,0.0
6 - Combined Noise,network_total_bandwidth,tenant-cpu,tenant-ntk,0.14528327546233336,0.5542603743202851,3,0.2744890672506923,-1.4599054954559088,3.676984333360831
6 - Combined Noise,network_total_bandwidth,tenant-dsk,tenant-cpu,0.07497892222206458,0.6037402627501279,4,0.1998811053870209,3.161004124281256,-1.4599054954559088
6 - Combined Noise,network_total_bandwidth,tenant-dsk,tenant-mem,0.0129549996607949,0.6316617724557458,6,0.1516971501360353,3.161004124281256,6.481885676336891
6 - Combined Noise,network_total_bandwidth,tenant-dsk,tenant-nsy,0.05676615557745293,0.548978527866986,4,0.2760584016844156,3.161004124281256,0.0
6 - Combined Noise,network_total_bandwidth,tenant-dsk,tenant-ntk,0.3329161469710816,0.5576299895847258,2,0.3036717393441666,3.161004124281256,3.676984333360831
6 - Combined Noise,network_total_bandwidth,tenant-mem,tenant-cpu,0.08726967038108042,0.7147727932019174,3,0.1581179301762157,6.481885676336891,-1.4599054954559088
6 - Combined Noise,network_total_bandwidth,tenant-mem,tenant-dsk,0.012045780822994,0.6049438083880999,6,0.1516971501360353,6.481885676336891,3.161004124281256
6 - Combined Noise,network_total_bandwidth,tenant-mem,tenant-nsy,0.09896304283413042,0.5813696438994538,3,0.1926532249647447,6.481885676336891,0.0
6 - Combined Noise,network_total_bandwidth,tenant-mem,tenant-ntk,0.07044169874686977,0.524174969213373,4,0.2245243955341367,6.481885676336891,3.676984333360831
6 - Combined Noise,network_total_bandwidth,tenant-nsy,tenant-cpu,0.11136308011547136,0.6743210954347353,5,0.1546456776306287,0.0,-1.4599054954559088
6 - Combined Noise,network_total_bandwidth,tenant-nsy,tenant-dsk,0.093673564612003,0.5623923639247127,4,0.2760584016844156,0.0,3.161004124281256
6 - Combined Noise,network_total_bandwidth,tenant-nsy,tenant-mem,0.05977930623031977,0.5963093700636876,5,0.1926532249647447,0.0,6.481885676336891
6 - Combined Noise,network_total_bandwidth,tenant-nsy,tenant-ntk,0.012951456960616966,0.5240202858095234,5,0.2741695822828321,0.0,3.676984333360831
6 - Combined Noise,network_total_bandwidth,tenant-ntk,tenant-cpu,0.002504252382524105,0.6302791172588305,6,0.2744890672506923,3.676984333360831,-1.4599054954559088
6 - Combined Noise,network_total_bandwidth,tenant-ntk,tenant-dsk,0.005419481379740767,0.5017593225301608,4,0.3036717393441666,3.676984333360831,3.161004124281256
6 - Combined Noise,network_total_bandwidth,tenant-ntk,tenant-mem,0.15090018113864537,0.5937127279151816,4,0.2245243955341367,3.676984333360831,6.481885676336891
6 - Combined Noise,network_total_bandwidth,tenant-ntk,tenant-nsy,0.11607514041527799,0.5751000166460827,4,0.2741695822828321,3.676984333360831,0.0
7 - Recovery,cpu_usage,tenant-cpu,tenant-dsk,0.30989265259694027,0.9001953261350043,3,0.1454897700975707,-99.75668898118728,4.360520987038853
7 - Recovery,cpu_usage,tenant-cpu,tenant-mem,0.20917564609393646,0.8607518662765185,4,0.0098940495282017,-99.75668898118728,6.769495298234907
7 - Recovery,cpu_usage,tenant-cpu,tenant-nsy,0.6093454615914463,0.03992975042151183,0,0.0594837420854799,-99.75668898118728,0.0
7 - Recovery,cpu_usage,tenant-cpu,tenant-ntk,0.17332215824127253,0.7507259929574756,3,0.111021649455615,-99.75668898118728,-3.838139210423915
7 - Recovery,cpu_usage,tenant-dsk,tenant-cpu,0.05756080230537194,0.9793442036413418,5,0.1454897700975707,4.360520987038853,-99.75668898118728
7 - Recovery,cpu_usage,tenant-dsk,tenant-mem,0.05296999332373859,0.9996181813888757,5,0.3645918090347924,4.360520987038853,6.769495298234907
7 - Recovery,cpu_usage,tenant-dsk,tenant-nsy,0.3314042559062475,0.04244604209539007,1,0.0386454774033836,4.360520987038853,0.0
7 - Recovery,cpu_usage,tenant-dsk,tenant-ntk,0.08545100371390234,0.7930861917236101,4,0.2790931387806465,4.360520987038853,-3.838139210423915
7 - Recovery,cpu_usage,tenant-mem,tenant-cpu,0.04236694718604444,0.9009357741772955,5,0.0098940495282017,6.769495298234907,-99.75668898118728
7 - Recovery,cpu_usage,tenant-mem,tenant-dsk,0.2589051584633207,0.9907363583831191,4,0.3645918090347924,6.769495298234907,4.360520987038853
7 - Recovery,cpu_usage,tenant-mem,tenant-nsy,0.5827058361191148,0.0357793754287234,0,0.1233213445948053,6.769495298234907,0.0
7 - Recovery,cpu_usage,tenant-mem,tenant-ntk,0.17321098945840405,0.7563136540428567,4,0.2144163704297084,6.769495298234907,-3.838139210423915
7 - Recovery,cpu_usage,tenant-nsy,tenant-cpu,0.653449846562381,0.2091938136389516,0,0.0594837420854799,0.0,-99.75668898118728
7 - Recovery,cpu_usage,tenant-nsy,tenant-dsk,0.49399958652708637,0.3010772487084845,0,0.0386454774033836,0.0,4.360520987038853
7 - Recovery,cpu_usage,tenant-nsy,tenant-mem,0.49147918999463786,0.23186126131743634,0,0.1233213445948053,0.0,6.769495298234907
7 - Recovery,cpu_usage,tenant-nsy,tenant-ntk,0.2878266060671791,0.23356401230659032,0,-0.1082222034619255,0.0,-3.838139210423915
7 - Recovery,cpu_usage,tenant-ntk,tenant-cpu,0.029341489464412368,0.8038742162125757,5,0.111021649455615,-3.838139210423915,-99.75668898118728
7 - Recovery,cpu_usage,tenant-ntk,tenant-dsk,0.033935704472118466,0.9480858700694746,5,0.2790931387806465,-3.838139210423915,4.360520987038853
7 - Recovery,cpu_usage,tenant-ntk,tenant-mem,0.0056888000393343,0.8473594934176617,6,0.2144163704297084,-3.838139210423915,6.769495298234907
7 - Recovery,cpu_usage,tenant-ntk,tenant-nsy,0.1965854837667378,0.04244604209539007,0,-0.1082222034619255,-3.838139210423915,0.0
7 - Recovery,disk_throughput_total,tenant-cpu,tenant-dsk,0.0,0.0,0,0.0,-100.0,-48.81170041154704
7 - Recovery,disk_throughput_total,tenant-cpu,tenant-mem,0.0,0.0,0,0.0,-100.0,0.0
7 - Recovery,disk_throughput_total,tenant-cpu,tenant-nsy,0.0,0.0,0,0.0,-100.0,0.0
7 - Recovery,disk_throughput_total,tenant-cpu,tenant-ntk,0.0,0.0,0,0.0,-100.0,-100.0
7 - Recovery,disk_throughput_total,tenant-dsk,tenant-cpu,0.0,0.0,0,0.0,-48.81170041154704,-100.0
7 - Recovery,disk_throughput_total,tenant-dsk,tenant-mem,0.46143396771919654,0.07629205375841706,0,-0.0914397478619889,-48.81170041154704,0.0
7 - Recovery,disk_throughput_total,tenant-dsk,tenant-nsy,0.1152779433462599,0.0695836362708442,0,0.1295270550753,-48.81170041154704,0.0
7 - Recovery,disk_throughput_total,tenant-dsk,tenant-ntk,0.0,0.0,0,0.0,-48.81170041154704,-100.0
7 - Recovery,disk_throughput_total,tenant-mem,tenant-cpu,0.0,0.0,0,0.0,0.0,-100.0
7 - Recovery,disk_throughput_total,tenant-mem,tenant-dsk,0.3719901573934001,0.1113266212752464,0,-0.0914397478619889,0.0,-48.81170041154704
7 - Recovery,disk_throughput_total,tenant-mem,tenant-nsy,0.9999995085372978,0.0,0,-0.0810135805434242,0.0,0.0
7 - Recovery,disk_throughput_total,tenant-mem,tenant-ntk,0.0,0.0,0,0.0,0.0,-100.0
7 - Recovery,disk_throughput_total,tenant-nsy,tenant-cpu,0.0,0.0,0,0.0,0.0,-100.0
7 - Recovery,disk_throughput_total,tenant-nsy,tenant-dsk,0.3957504891677878,0.26587524418182795,1,0.1295270550753,0.0,-48.81170041154704
7 - Recovery,disk_throughput_total,tenant-nsy,tenant-mem,0.9995322326489958,0.0018362312749222668,0,-0.0810135805434242,0.0,0.0
7 - Recovery,disk_throughput_total,tenant-nsy,tenant-ntk,0.0,0.0,0,0.0,0.0,-100.0
7 - Recovery,disk_throughput_total,tenant-ntk,tenant-cpu,0.0,0.0,0,0.0,-100.0,-100.0
7 - Recovery,disk_throughput_total,tenant-ntk,tenant-dsk,0.0,0.0,0,0.0,-100.0,-48.81170041154704
7 - Recovery,disk_throughput_total,tenant-ntk,tenant-mem,0.0,0.0,0,0.0,-100.0,0.0
7 - Recovery,disk_throughput_total,tenant-ntk,tenant-nsy,0.0,0.0,0,0.0,-100.0,0.0
7 - Recovery,memory_usage,tenant-cpu,tenant-dsk,0.8647708251314681,0.10882786387875097,0,-0.0279663455633339,-27.3430470224804,2.6367243741439688
7 - Recovery,memory_usage,tenant-cpu,tenant-mem,0.6832291619850345,0.10956601167835506,0,-0.1388972296046124,-27.3430470224804,6.069956965983475
7 - Recovery,memory_usage,tenant-cpu,tenant-nsy,0.0,0.0,0,-0.0103717515636551,-27.3430470224804,0.0
7 - Recovery,memory_usage,tenant-cpu,tenant-ntk,0.6208915706239208,0.029264364833987564,1,-0.1636034969492888,-27.3430470224804,8.54026729384052
7 - Recovery,memory_usage,tenant-dsk,tenant-cpu,0.8082486981939302,0.09767155302020956,0,-0.0279663455633339,2.6367243741439688,-27.3430470224804
7 - Recovery,memory_usage,tenant-dsk,tenant-mem,0.4664283397189901,0.45041077071241026,0,-0.0050180323164049,2.6367243741439688,6.069956965983475
7 - Recovery,memory_usage,tenant-dsk,tenant-nsy,0.0,0.009182958340544866,0,0.0618910476388507,2.6367243741439688,0.0
7 - Recovery,memory_usage,tenant-dsk,tenant-ntk,0.5640358311011792,0.21408216760003348,0,-0.1544738524183446,2.6367243741439688,8.54026729384052
7 - Recovery,memory_usage,tenant-mem,tenant-cpu,0.6507157141068977,0.13465040050552635,0,-0.1388972296046124,6.069956965983475,-27.3430470224804
7 - Recovery,memory_usage,tenant-mem,tenant-dsk,0.28821791420212667,0.3792149717352295,0,-0.0050180323164049,6.069956965983475,2.6367243741439688
7 - Recovery,memory_usage,tenant-mem,tenant-nsy,0.0,0.0,0,-0.0095867232156295,6.069956965983475,0.0
7 - Recovery,memory_usage,tenant-mem,tenant-ntk,0.5698021221714028,0.21689815001709697,0,0.2303198961650154,6.069956965983475,8.54026729384052
7 - Recovery,memory_usage,tenant-nsy,tenant-cpu,0.9943899876148486,0.011016256536834067,0,-0.0103717515636551,0.0,-27.3430470224804
7 - Recovery,memory_usage,tenant-nsy,tenant-dsk,0.6188552789098185,0.033530578558070935,1,0.0618910476388507,0.0,2.6367243741439688
7 - Recovery,memory_usage,tenant-nsy,tenant-mem,0.16463810247363078,0.050677756157128336,1,-0.0095867232156295,0.0,6.069956965983475
7 - Recovery,memory_usage,tenant-nsy,tenant-ntk,0.801032076867981,0.03930163908916463,0,0.0758090958991245,0.0,8.54026729384052
7 - Recovery,memory_usage,tenant-ntk,tenant-cpu,0.6646837126419048,0.09620221565378743,1,-0.1636034969492888,8.54026729384052,-27.3430470224804
7 - Recovery,memory_usage,tenant-ntk,tenant-dsk,0.3503906747462162,0.42405074021912353,1,-0.1544738524183446,8.54026729384052,2.6367243741439688
7 - Recovery,memory_usage,tenant-ntk,tenant-mem,0.21523318847750353,0.5256642319466494,1,0.2303198961650154,8.54026729384052,6.069956965983475
7 - Recovery,memory_usage,tenant-ntk,tenant-nsy,0.0,0.0,0,0.0758090958991245,8.54026729384052,0.0
7 - Recovery,network_total_bandwidth,tenant-cpu,tenant-dsk,0.2611999564228635,0.8911139576569201,4,0.1894225503345663,-1.4599054954559088,3.161004124281256
7 - Recovery,network_total_bandwidth,tenant-cpu,tenant-mem,0.04901411013924106,0.8580096326777724,5,0.2343646316680247,-1.4599054954559088,6.481885676336891
7 - Recovery,network_total_bandwidth,tenant-cpu,tenant-nsy,0.6490148599908615,0.07052004127478313,0,0.0299227889044275,-1.4599054954559088,0.0
7 - Recovery,network_total_bandwidth,tenant-cpu,tenant-ntk,0.15802872213623662,0.9500308191355774,4,0.2000674763355053,-1.4599054954559088,3.676984333360831
7 - Recovery,network_total_bandwidth,tenant-dsk,tenant-cpu,0.14749222551496327,0.9752414214580306,4,0.1894225503345663,3.161004124281256,-1.4599054954559088
7 - Recovery,network_total_bandwidth,tenant-dsk,tenant-mem,0.44491844600704766,0.7993633160742512,4,0.1959424676283187,3.161004124281256,6.481885676336891
7 - Recovery,network_total_bandwidth,tenant-dsk,tenant-nsy,0.33216585631003676,0.05705202780676966,0,0.0627702066130168,3.161004124281256,0.0
7 - Recovery,network_total_bandwidth,tenant-dsk,tenant-ntk,0.4924655940051596,0.9668553462436211,3,0.234996560069351,3.161004124281256,3.676984333360831
7 - Recovery,network_total_bandwidth,tenant-mem,tenant-cpu,0.11789325727123767,0.9023423779065415,4,0.2343646316680247,6.481885676336891,-1.4599054954559088
7 - Recovery,network_total_bandwidth,tenant-mem,tenant-dsk,0.23507321021091257,0.9019772185373597,4,0.1959424676283187,6.481885676336891,3.161004124281256
7 - Recovery,network_total_bandwidth,tenant-mem,tenant-nsy,0.6332993145216675,0.0771867079414498,0,-0.1200761780342285,6.481885676336891,0.0
7 - Recovery,network_total_bandwidth,tenant-mem,tenant-ntk,0.3471068497485801,0.9834273407195182,3,0.2738840337152597,6.481885676336891,3.676984333360831
7 - Recovery,network_total_bandwidth,tenant-nsy,tenant-cpu,0.597381928606778,0.22180481212055014,1,0.0299227889044275,0.0,-1.4599054954559088
7 - Recovery,network_total_bandwidth,tenant-nsy,tenant-dsk,0.7176854368896365,0.26325839107269694,0,0.0627702066130168,0.0,3.161004124281256
7 - Recovery,network_total_bandwidth,tenant-nsy,tenant-mem,0.36498936479268473,0.2683717035087679,1,-0.1200761780342285,0.0,6.481885676336891
7 - Recovery,network_total_bandwidth,tenant-nsy,tenant-ntk,0.30493358361297423,0.2536679088061553,0,0.0394362838946689,0.0,3.676984333360831
7 - Recovery,network_total_bandwidth,tenant-ntk,tenant-cpu,0.01213729330758257,0.9242070696250636,6,0.2000674763355053,3.676984333360831,-1.4599054954559088
7 - Recovery,network_total_bandwidth,tenant-ntk,tenant-dsk,0.1340040490360804,0.8864963849490343,4,0.234996560069351,3.676984333360831,3.161004124281256
7 - Recovery,network_total_bandwidth,tenant-ntk,tenant-mem,0.04045299500328773,0.9506712328240975,5,0.2738840337152597,3.676984333360831,6.481885676336891
7 - Recovery,network_total_bandwidth,tenant-ntk,tenant-nsy,0.6230253894320389,0.05711936787410973,0,0.0394362838946689,3.676984333360831,0.0
