phase,metric,source,target,mean_p_value,mean_score,significant_frequency,mean_correlation,source_mean_percentage_change,target_mean_percentage_change,risk_index
1-Baseline,cpu_usage,tenant-cpu,tenant-dsk,0.0120769970337911,0.1859502533516921,1,0.0,0.0,0.0,0.0
1-Baseline,cpu_usage,tenant-cpu,tenant-mem,0.0178545668727467,0.297457321789833,1,0.0,0.0,0.0,0.0
1-Baseline,cpu_usage,tenant-cpu,tenant-ntk,0.0020727695285481,0.1838423542194792,1,0.0,0.0,0.0,0.0
1-Baseline,cpu_usage,tenant-dsk,tenant-cpu,0.0172009726747534,0.2361442649617197,1,0.0,0.0,0.0,0.0
1-Baseline,cpu_usage,tenant-dsk,tenant-mem,0.0949605189525653,0.2431945520866679,0,0.0,0.0,0.0,0.0
1-Baseline,cpu_usage,tenant-dsk,tenant-ntk,0.0333606476991413,0.1454083014602021,1,0.0,0.0,0.0,0.0
1-Baseline,cpu_usage,tenant-mem,tenant-cpu,0.0727386345913157,0.2898733053551218,0,0.0,0.0,0.0,0.0
1-Baseline,cpu_usage,tenant-mem,tenant-dsk,0.0031608275543753,0.1777717631694576,1,0.0,0.0,0.0,0.0
1-Baseline,cpu_usage,tenant-mem,tenant-ntk,0.0317036288811613,0.1915848997466432,1,0.0,0.0,0.0,0.0
1-Baseline,cpu_usage,tenant-ntk,tenant-cpu,0.0016490788055091,0.2493446826529962,1,0.0,0.0,0.0,0.0
1-Baseline,cpu_usage,tenant-ntk,tenant-dsk,6.506855040511558e-05,0.1415921394611617,1,0.0,0.0,0.0,0.0
1-Baseline,cpu_usage,tenant-ntk,tenant-mem,9.71640136459276e-06,0.2522628525905787,1,0.0,0.0,0.0,0.0
1-Baseline,disk_io_total,tenant-cpu,tenant-dsk,0.3475876909010792,0.0165830303220562,0,0.0,0.0,0.0,0.0
1-Baseline,disk_io_total,tenant-cpu,tenant-mem,0.1957811285757252,0.1975741359243785,0,0.0,0.0,0.0,0.0
1-Baseline,disk_io_total,tenant-cpu,tenant-ntk,0.2029177709389979,0.2188144435168361,0,0.0,0.0,0.0,0.0
1-Baseline,disk_io_total,tenant-dsk,tenant-cpu,0.2484137019400602,0.0433889145369206,0,0.0,0.0,0.0,0.0
1-Baseline,disk_io_total,tenant-dsk,tenant-mem,0.4136153212624586,0.0405131368834545,0,0.0,0.0,0.0,0.0
1-Baseline,disk_io_total,tenant-dsk,tenant-ntk,0.2170167291694888,0.052843457762504,0,0.0,0.0,0.0,0.0
1-Baseline,disk_io_total,tenant-mem,tenant-cpu,0.1097334900960665,0.1815563601626177,0,0.0,0.0,0.0,0.0
1-Baseline,disk_io_total,tenant-mem,tenant-dsk,0.2802596556093367,0.0134268970031534,0,0.0,0.0,0.0,0.0
1-Baseline,disk_io_total,tenant-mem,tenant-ntk,0.1044751555897081,0.2155508367184321,0,0.0,0.0,0.0,0.0
1-Baseline,disk_io_total,tenant-ntk,tenant-cpu,0.0297893972990848,0.1805205501652272,1,0.0,0.0,0.0,0.0
1-Baseline,disk_io_total,tenant-ntk,tenant-dsk,0.2612936987828771,0.0131655812942781,0,0.0,0.0,0.0,0.0
1-Baseline,disk_io_total,tenant-ntk,tenant-mem,0.1090301586850506,0.2056113107046167,0,0.0,0.0,0.0,0.0
1-Baseline,memory_usage,tenant-cpu,tenant-dsk,0.4852841611038138,0.1357059130259824,0,0.0,0.0,0.0,0.0
1-Baseline,memory_usage,tenant-cpu,tenant-mem,0.6393329999962987,0.2387249975078144,0,0.0,0.0,0.0,0.0
1-Baseline,memory_usage,tenant-cpu,tenant-ntk,0.6141335119228686,0.1829763419686087,0,0.0,0.0,0.0,0.0
1-Baseline,memory_usage,tenant-dsk,tenant-cpu,0.6162009824013472,0.1705303301552843,0,0.0,0.0,0.0,0.0
1-Baseline,memory_usage,tenant-dsk,tenant-mem,0.5249818209871892,0.1953328256754443,0,0.0,0.0,0.0,0.0
1-Baseline,memory_usage,tenant-dsk,tenant-ntk,0.4938238787548741,0.1452542003546789,0,0.0,0.0,0.0,0.0
1-Baseline,memory_usage,tenant-mem,tenant-cpu,0.5969517705070173,0.2390420300279983,0,0.0,0.0,0.0,0.0
1-Baseline,memory_usage,tenant-mem,tenant-dsk,0.5209001597139,0.137871715686783,0,0.0,0.0,0.0,0.0
1-Baseline,memory_usage,tenant-mem,tenant-ntk,0.6064801804323194,0.1732015383517098,0,0.0,0.0,0.0,0.0
1-Baseline,memory_usage,tenant-ntk,tenant-cpu,0.781307042551413,0.2036278565156077,0,0.0,0.0,0.0,0.0
1-Baseline,memory_usage,tenant-ntk,tenant-dsk,0.7082929972800069,0.1187683876052378,0,0.0,0.0,0.0,0.0
1-Baseline,memory_usage,tenant-ntk,tenant-mem,0.4926451164671664,0.2117328673962027,0,0.0,0.0,0.0,0.0
1-Baseline,network_throughput,tenant-cpu,tenant-dsk,0.2802238099344705,0.0130310919093279,0,0.0,0.0,0.0,0.0
1-Baseline,network_throughput,tenant-cpu,tenant-mem,0.2551947315208277,0.1461119850685096,0,0.0,0.0,0.0,0.0
1-Baseline,network_throughput,tenant-cpu,tenant-ntk,0.2496797977409101,0.1881843011269955,0,0.0,0.0,0.0,0.0
1-Baseline,network_throughput,tenant-dsk,tenant-cpu,0.0733178151609872,0.0330149209232692,0,0.0,0.0,0.0,0.0
1-Baseline,network_throughput,tenant-dsk,tenant-mem,0.0760260619246934,0.0348886599974827,0,0.0,0.0,0.0,0.0
1-Baseline,network_throughput,tenant-dsk,tenant-ntk,0.2995058372174841,0.0377679190471137,0,0.0,0.0,0.0,0.0
1-Baseline,network_throughput,tenant-mem,tenant-cpu,0.2122478517582521,0.1688424573699903,0,0.0,0.0,0.0,0.0
1-Baseline,network_throughput,tenant-mem,tenant-dsk,0.3078336903789064,0.0167187602347058,0,0.0,0.0,0.0,0.0
1-Baseline,network_throughput,tenant-mem,tenant-ntk,0.1934201796539094,0.1715391202911567,0,0.0,0.0,0.0,0.0
1-Baseline,network_throughput,tenant-ntk,tenant-cpu,0.0725186771841455,0.1735757075025387,0,0.0,0.0,0.0,0.0
1-Baseline,network_throughput,tenant-ntk,tenant-dsk,0.3794500859368588,0.0179412977124655,0,0.0,0.0,0.0,0.0
1-Baseline,network_throughput,tenant-ntk,tenant-mem,0.1679066012272248,0.1725913933643399,0,0.0,0.0,0.0,0.0
2-CPU-Noise,cpu_usage,tenant-cpu,tenant-dsk,0.0209476592059946,0.2657258000020654,1,0.0,-32.622660373079505,-5.156562207189536,5.156562207189536
2-CPU-Noise,cpu_usage,tenant-cpu,tenant-mem,0.027200047159474,0.1158271615412706,1,0.0,-32.622660373079505,-32.44421819649061,32.44421819649061
2-CPU-Noise,cpu_usage,tenant-cpu,tenant-nsy,0.0057855948013554,0.0796009937958309,1,0.0,-32.622660373079505,0.0,0.0
2-CPU-Noise,cpu_usage,tenant-cpu,tenant-ntk,0.0282100567590986,0.2513490582570335,1,0.0,-32.622660373079505,-1.3776990141414005,1.3776990141414005
2-CPU-Noise,cpu_usage,tenant-dsk,tenant-cpu,0.0040656387563945,0.1653434610602252,1,0.0,-5.156562207189536,-32.622660373079505,32.622660373079505
2-CPU-Noise,cpu_usage,tenant-dsk,tenant-mem,0.0314450052320062,0.1611822930003986,1,0.0,-5.156562207189536,-32.44421819649061,32.44421819649061
2-CPU-Noise,cpu_usage,tenant-dsk,tenant-nsy,0.009201982694981,0.104682610892082,1,0.0,-5.156562207189536,0.0,0.0
2-CPU-Noise,cpu_usage,tenant-dsk,tenant-ntk,0.2088394591640355,0.3079169814097028,1,0.0,-5.156562207189536,-1.3776990141414005,1.3776990141414005
2-CPU-Noise,cpu_usage,tenant-mem,tenant-cpu,0.0008260962333119,0.1222446531641996,1,0.0,-32.44421819649061,-32.622660373079505,32.622660373079505
2-CPU-Noise,cpu_usage,tenant-mem,tenant-dsk,0.0020890235271726,0.2526662889144797,1,0.0,-32.44421819649061,-5.156562207189536,5.156562207189536
2-CPU-Noise,cpu_usage,tenant-mem,tenant-nsy,0.0017264433497622,0.0741811295727324,1,0.0,-32.44421819649061,0.0,0.0
2-CPU-Noise,cpu_usage,tenant-mem,tenant-ntk,0.019414403492056,0.2676443396493327,1,0.0,-32.44421819649061,-1.3776990141414005,1.3776990141414005
2-CPU-Noise,cpu_usage,tenant-nsy,tenant-cpu,0.0001259854267842,0.1035291388147152,1,0.0,0.0,-32.622660373079505,32.622660373079505
2-CPU-Noise,cpu_usage,tenant-nsy,tenant-dsk,0.0012019591850935,0.2088541216829517,1,0.0,0.0,-5.156562207189536,5.156562207189536
2-CPU-Noise,cpu_usage,tenant-nsy,tenant-mem,8.684008623443707e-05,0.10657848221828,1,0.0,0.0,-32.44421819649061,32.44421819649061
2-CPU-Noise,cpu_usage,tenant-nsy,tenant-ntk,0.0006142463347477,0.2204112724359602,1,0.0,0.0,-1.3776990141414005,1.3776990141414005
2-CPU-Noise,cpu_usage,tenant-ntk,tenant-cpu,2.03457118876524e-05,0.1980787424948848,1,0.0,-1.3776990141414005,-32.622660373079505,32.622660373079505
2-CPU-Noise,cpu_usage,tenant-ntk,tenant-dsk,0.0105442740407353,0.3318212753049875,2,0.0,-1.3776990141414005,-5.156562207189536,10.313124414379072
2-CPU-Noise,cpu_usage,tenant-ntk,tenant-mem,0.0001709895655777,0.1709657482916062,1,0.0,-1.3776990141414005,-32.44421819649061,32.44421819649061
2-CPU-Noise,cpu_usage,tenant-ntk,tenant-nsy,0.0005144844553347,0.1297199968702731,1,0.0,-1.3776990141414005,0.0,0.0
2-CPU-Noise,disk_io_total,tenant-cpu,tenant-dsk,0.2363965346355636,0.2548904382031178,0,0.0,-2.111536210336856,-37.02543335127429,0.0
2-CPU-Noise,disk_io_total,tenant-cpu,tenant-mem,0.1003220688746026,0.2555149949946982,0,0.0,-2.111536210336856,-1.9435753852906896,0.0
2-CPU-Noise,disk_io_total,tenant-cpu,tenant-nsy,0.0719349968449137,0.2004436735759892,0,0.0,-2.111536210336856,0.0,0.0
2-CPU-Noise,disk_io_total,tenant-cpu,tenant-ntk,0.0877131332928211,0.2828569924692619,0,0.0,-2.111536210336856,6.555873056110892,0.0
2-CPU-Noise,disk_io_total,tenant-dsk,tenant-cpu,0.0801695496243883,0.2925991415383683,0,0.0,-37.02543335127429,-2.111536210336856,0.0
2-CPU-Noise,disk_io_total,tenant-dsk,tenant-mem,0.1125205111976939,0.2640994323199294,0,0.0,-37.02543335127429,-1.9435753852906896,0.0
2-CPU-Noise,disk_io_total,tenant-dsk,tenant-nsy,0.0335928091050325,0.1656479501495081,1,0.0,-37.02543335127429,0.0,0.0
2-CPU-Noise,disk_io_total,tenant-dsk,tenant-ntk,0.139261841404914,0.2582286545961449,0,0.0,-37.02543335127429,6.555873056110892,0.0
2-CPU-Noise,disk_io_total,tenant-mem,tenant-cpu,0.073169196072695,0.2658363556288162,0,0.0,-1.9435753852906896,-2.111536210336856,0.0
2-CPU-Noise,disk_io_total,tenant-mem,tenant-dsk,0.0655294098978388,0.2572842325419529,0,0.0,-1.9435753852906896,-37.02543335127429,0.0
2-CPU-Noise,disk_io_total,tenant-mem,tenant-nsy,0.0754652660309664,0.1716766431403711,0,0.0,-1.9435753852906896,0.0,0.0
2-CPU-Noise,disk_io_total,tenant-mem,tenant-ntk,0.036630790302568,0.2641024948946034,1,0.0,-1.9435753852906896,6.555873056110892,6.555873056110892
2-CPU-Noise,disk_io_total,tenant-nsy,tenant-cpu,0.0331184624234642,0.2469711464857721,1,0.0,0.0,-2.111536210336856,2.111536210336856
2-CPU-Noise,disk_io_total,tenant-nsy,tenant-dsk,0.0368129598557074,0.2108501053389823,1,0.0,0.0,-37.02543335127429,37.02543335127429
2-CPU-Noise,disk_io_total,tenant-nsy,tenant-mem,0.0536722470824804,0.217361915886028,0,0.0,0.0,-1.9435753852906896,0.0
2-CPU-Noise,disk_io_total,tenant-nsy,tenant-ntk,0.0750410023536907,0.2118173079463823,0,0.0,0.0,6.555873056110892,0.0
2-CPU-Noise,disk_io_total,tenant-ntk,tenant-cpu,0.0651014895838287,0.2887600479799214,0,0.0,6.555873056110892,-2.111536210336856,0.0
2-CPU-Noise,disk_io_total,tenant-ntk,tenant-dsk,0.2043911658553522,0.2425234737000486,0,0.0,6.555873056110892,-37.02543335127429,0.0
2-CPU-Noise,disk_io_total,tenant-ntk,tenant-mem,0.1951424794777732,0.2514762097284988,0,0.0,6.555873056110892,-1.9435753852906896,0.0
2-CPU-Noise,disk_io_total,tenant-ntk,tenant-nsy,0.0901255768061553,0.1704352745429875,0,0.0,6.555873056110892,0.0,0.0
2-CPU-Noise,memory_usage,tenant-cpu,tenant-dsk,0.584899334352443,0.2372287240932614,0,0.0,2.760722525433493,1.858851448109765,0.0
2-CPU-Noise,memory_usage,tenant-cpu,tenant-mem,0.5904492015734498,0.2277627742567506,0,0.0,2.760722525433493,2.139080666840359,0.0
2-CPU-Noise,memory_usage,tenant-cpu,tenant-nsy,0.441115929905727,0.2406866150379884,0,0.0,2.760722525433493,0.0,0.0
2-CPU-Noise,memory_usage,tenant-cpu,tenant-ntk,0.4167773938336956,0.2119990887024601,0,0.0,2.760722525433493,1.4229399203610689,0.0
2-CPU-Noise,memory_usage,tenant-dsk,tenant-cpu,0.6337699226804245,0.2342289804109511,0,0.0,1.858851448109765,2.760722525433493,0.0
2-CPU-Noise,memory_usage,tenant-dsk,tenant-mem,0.6845354626747134,0.2396364664641374,0,0.0,1.858851448109765,2.139080666840359,0.0
2-CPU-Noise,memory_usage,tenant-dsk,tenant-nsy,0.648442872071296,0.2395855968627585,0,0.0,1.858851448109765,0.0,0.0
2-CPU-Noise,memory_usage,tenant-dsk,tenant-ntk,0.4297105784542451,0.2325447211820658,0,0.0,1.858851448109765,1.4229399203610689,0.0
2-CPU-Noise,memory_usage,tenant-mem,tenant-cpu,0.7223425416133866,0.2284727024799654,0,0.0,2.139080666840359,2.760722525433493,0.0
2-CPU-Noise,memory_usage,tenant-mem,tenant-dsk,0.5752467963400083,0.2398952729401241,0,0.0,2.139080666840359,1.858851448109765,0.0
2-CPU-Noise,memory_usage,tenant-mem,tenant-nsy,0.6424334885761868,0.2419428607915363,0,0.0,2.139080666840359,0.0,0.0
2-CPU-Noise,memory_usage,tenant-mem,tenant-ntk,0.610311813068645,0.2142132572895324,0,0.0,2.139080666840359,1.4229399203610689,0.0
2-CPU-Noise,memory_usage,tenant-nsy,tenant-cpu,0.5223428994718803,0.2369167447815577,0,0.0,0.0,2.760722525433493,0.0
2-CPU-Noise,memory_usage,tenant-nsy,tenant-dsk,0.6301748308102485,0.2556794807225511,0,0.0,0.0,1.858851448109765,0.0
2-CPU-Noise,memory_usage,tenant-nsy,tenant-mem,0.6248607918596459,0.2511329973988358,0,0.0,0.0,2.139080666840359,0.0
2-CPU-Noise,memory_usage,tenant-nsy,tenant-ntk,0.5266567824470284,0.2242485088206458,0,0.0,0.0,1.4229399203610689,0.0
2-CPU-Noise,memory_usage,tenant-ntk,tenant-cpu,0.3941380626532481,0.2160844991596449,0,0.0,1.4229399203610689,2.760722525433493,0.0
2-CPU-Noise,memory_usage,tenant-ntk,tenant-dsk,0.4416188789159387,0.2327422931089851,0,0.0,1.4229399203610689,1.858851448109765,0.0
2-CPU-Noise,memory_usage,tenant-ntk,tenant-mem,0.5818947176429685,0.2150799458770712,0,0.0,1.4229399203610689,2.139080666840359,0.0
2-CPU-Noise,memory_usage,tenant-ntk,tenant-nsy,0.5454478288911847,0.2329581041866413,0,0.0,1.4229399203610689,0.0,0.0
2-CPU-Noise,network_throughput,tenant-cpu,tenant-dsk,0.185269184768463,0.2661234056499022,0,0.0,-3.970617489263808,-15.67399342826298,0.0
2-CPU-Noise,network_throughput,tenant-cpu,tenant-mem,0.2652984130832067,0.3255610782834114,1,0.0,-3.970617489263808,-4.4509811556294165,4.4509811556294165
2-CPU-Noise,network_throughput,tenant-cpu,tenant-nsy,0.169623317336256,0.1920854787945107,0,0.0,-3.970617489263808,0.0,0.0
2-CPU-Noise,network_throughput,tenant-cpu,tenant-ntk,0.131635090660195,0.2230775309587514,0,0.0,-3.970617489263808,5.506030647232434,0.0
2-CPU-Noise,network_throughput,tenant-dsk,tenant-cpu,0.06172279224081,0.2879459992980142,0,0.0,-15.67399342826298,-3.970617489263808,0.0
2-CPU-Noise,network_throughput,tenant-dsk,tenant-mem,0.1168281790883926,0.2896780334941139,0,0.0,-15.67399342826298,-4.4509811556294165,0.0
2-CPU-Noise,network_throughput,tenant-dsk,tenant-nsy,0.094862848091177,0.1629785182274217,0,0.0,-15.67399342826298,0.0,0.0
2-CPU-Noise,network_throughput,tenant-dsk,tenant-ntk,0.0868927575337824,0.2009481359254934,0,0.0,-15.67399342826298,5.506030647232434,0.0
2-CPU-Noise,network_throughput,tenant-mem,tenant-cpu,0.1594811242734894,0.3055229684071632,1,0.0,-4.4509811556294165,-3.970617489263808,3.970617489263808
2-CPU-Noise,network_throughput,tenant-mem,tenant-dsk,0.0961187906093112,0.2639999581458127,0,0.0,-4.4509811556294165,-15.67399342826298,0.0
2-CPU-Noise,network_throughput,tenant-mem,tenant-nsy,0.300133415921623,0.2096758971446457,0,0.0,-4.4509811556294165,0.0,0.0
2-CPU-Noise,network_throughput,tenant-mem,tenant-ntk,0.0568678646725597,0.2149184085984777,0,0.0,-4.4509811556294165,5.506030647232434,0.0
2-CPU-Noise,network_throughput,tenant-nsy,tenant-cpu,0.2674073569432794,0.2368694956537283,0,0.0,0.0,-3.970617489263808,0.0
2-CPU-Noise,network_throughput,tenant-nsy,tenant-dsk,0.1004498295365872,0.2148627206438637,0,0.0,0.0,-15.67399342826298,0.0
2-CPU-Noise,network_throughput,tenant-nsy,tenant-mem,0.2822100185654916,0.2529015522098702,0,0.0,0.0,-4.4509811556294165,0.0
2-CPU-Noise,network_throughput,tenant-nsy,tenant-ntk,0.1227503158664224,0.1683594994428039,0,0.0,0.0,5.506030647232434,0.0
2-CPU-Noise,network_throughput,tenant-ntk,tenant-cpu,0.0702881184630071,0.2527907868180654,0,0.0,5.506030647232434,-3.970617489263808,0.0
2-CPU-Noise,network_throughput,tenant-ntk,tenant-dsk,0.1214651135236725,0.2340849609973731,0,0.0,5.506030647232434,-15.67399342826298,0.0
2-CPU-Noise,network_throughput,tenant-ntk,tenant-mem,0.3152692237501147,0.2695333358242585,0,0.0,5.506030647232434,-4.4509811556294165,0.0
2-CPU-Noise,network_throughput,tenant-ntk,tenant-nsy,0.2130888491478394,0.1611457231615747,0,0.0,5.506030647232434,0.0,0.0
3-Memory-Noise,cpu_usage,tenant-cpu,tenant-dsk,0.0067422845259739,0.3154908317065145,2,0.0,-23.219056114737704,-2.835059260433725,5.67011852086745
3-Memory-Noise,cpu_usage,tenant-cpu,tenant-mem,0.0228905139367076,0.2243867842939761,1,0.0,-23.219056114737704,-23.241127737200085,23.241127737200085
3-Memory-Noise,cpu_usage,tenant-cpu,tenant-nsy,0.0033066788093595,0.1057517553535215,1,0.0,-23.219056114737704,0.0,0.0
3-Memory-Noise,cpu_usage,tenant-cpu,tenant-ntk,0.0145477664201911,0.3048301626766427,2,0.0,-23.219056114737704,-0.62154686756408,1.24309373512816
3-Memory-Noise,cpu_usage,tenant-dsk,tenant-cpu,0.0284254997279654,0.2552639712438724,1,0.0,-2.835059260433725,-23.219056114737704,23.219056114737704
3-Memory-Noise,cpu_usage,tenant-dsk,tenant-mem,0.0718725233652566,0.262586553255314,0,0.0,-2.835059260433725,-23.241127737200085,0.0
3-Memory-Noise,cpu_usage,tenant-dsk,tenant-nsy,0.0109286491677655,0.1016230822323191,1,0.0,-2.835059260433725,0.0,0.0
3-Memory-Noise,cpu_usage,tenant-dsk,tenant-ntk,0.1809234436043966,0.3549658974066855,1,0.0,-2.835059260433725,-0.62154686756408,0.62154686756408
3-Memory-Noise,cpu_usage,tenant-mem,tenant-cpu,0.0462076175687273,0.2110240315850554,1,0.0,-23.241127737200085,-23.219056114737704,23.219056114737704
3-Memory-Noise,cpu_usage,tenant-mem,tenant-dsk,0.0013130139346738,0.3051533068079311,2,0.0,-23.241127737200085,-2.835059260433725,5.67011852086745
3-Memory-Noise,cpu_usage,tenant-mem,tenant-nsy,0.0023832327827362,0.1019131449516382,1,0.0,-23.241127737200085,0.0,0.0
3-Memory-Noise,cpu_usage,tenant-mem,tenant-ntk,0.0031677313585576,0.3076571604436494,2,0.0,-23.241127737200085,-0.62154686756408,1.24309373512816
3-Memory-Noise,cpu_usage,tenant-nsy,tenant-cpu,0.0002728424552385,0.1661996587139497,1,0.0,0.0,-23.219056114737704,23.219056114737704
3-Memory-Noise,cpu_usage,tenant-nsy,tenant-dsk,0.0226082151996298,0.2047466210835279,1,0.0,0.0,-2.835059260433725,2.835059260433725
3-Memory-Noise,cpu_usage,tenant-nsy,tenant-mem,0.0092591356073719,0.1610869793599898,1,0.0,0.0,-23.241127737200085,23.241127737200085
3-Memory-Noise,cpu_usage,tenant-nsy,tenant-ntk,0.0108117714545734,0.2201501269591267,1,0.0,0.0,-0.62154686756408,0.62154686756408
3-Memory-Noise,cpu_usage,tenant-ntk,tenant-cpu,0.0028257782612338,0.2904923328376254,1,0.0,-0.62154686756408,-23.219056114737704,23.219056114737704
3-Memory-Noise,cpu_usage,tenant-ntk,tenant-dsk,0.0018662457636175,0.3525153931479776,2,0.0,-0.62154686756408,-2.835059260433725,5.67011852086745
3-Memory-Noise,cpu_usage,tenant-ntk,tenant-mem,0.0010206735281384,0.2750496918681012,1,0.0,-0.62154686756408,-23.241127737200085,23.241127737200085
3-Memory-Noise,cpu_usage,tenant-ntk,tenant-nsy,3.504024854556158e-05,0.1347500098831538,1,0.0,-0.62154686756408,0.0,0.0
3-Memory-Noise,disk_io_total,tenant-cpu,tenant-dsk,0.1050065710094546,0.2866054145338652,0,0.0,13.486598491563706,-36.30511068750993,0.0
3-Memory-Noise,disk_io_total,tenant-cpu,tenant-mem,0.1114139557002056,0.285078833241312,0,0.0,13.486598491563706,-1.4816854408841211,0.0
3-Memory-Noise,disk_io_total,tenant-cpu,tenant-nsy,0.1600640329947845,0.233617045512722,0,0.0,13.486598491563706,0.0,0.0
3-Memory-Noise,disk_io_total,tenant-cpu,tenant-ntk,0.1286353763393095,0.2594370154760427,0,0.0,13.486598491563706,5.88045696512174,0.0
3-Memory-Noise,disk_io_total,tenant-dsk,tenant-cpu,0.1235022513096097,0.3097815939642273,1,0.0,-36.30511068750993,13.486598491563706,13.486598491563706
3-Memory-Noise,disk_io_total,tenant-dsk,tenant-mem,0.0894078203780787,0.2995028160984701,0,0.0,-36.30511068750993,-1.4816854408841211,0.0
3-Memory-Noise,disk_io_total,tenant-dsk,tenant-nsy,0.0416869633828708,0.2375626948306052,1,0.0,-36.30511068750993,0.0,0.0
3-Memory-Noise,disk_io_total,tenant-dsk,tenant-ntk,0.0941048554568896,0.2657998232213127,0,0.0,-36.30511068750993,5.88045696512174,0.0
3-Memory-Noise,disk_io_total,tenant-mem,tenant-cpu,0.1808136482224606,0.2903226811333796,0,0.0,-1.4816854408841211,13.486598491563706,0.0
3-Memory-Noise,disk_io_total,tenant-mem,tenant-dsk,0.0328808399065236,0.2898086207361994,1,0.0,-1.4816854408841211,-36.30511068750993,36.30511068750993
3-Memory-Noise,disk_io_total,tenant-mem,tenant-nsy,0.0988184301204884,0.2350685704291432,0,0.0,-1.4816854408841211,0.0,0.0
3-Memory-Noise,disk_io_total,tenant-mem,tenant-ntk,0.0545401271838792,0.2533750933476022,0,0.0,-1.4816854408841211,5.88045696512174,0.0
3-Memory-Noise,disk_io_total,tenant-nsy,tenant-cpu,0.1436577091149679,0.2643144299096705,0,0.0,0.0,13.486598491563706,0.0
3-Memory-Noise,disk_io_total,tenant-nsy,tenant-dsk,0.1277522370343431,0.2546404311232478,0,0.0,0.0,-36.30511068750993,0.0
3-Memory-Noise,disk_io_total,tenant-nsy,tenant-mem,0.0386439680961527,0.2509312131079492,1,0.0,0.0,-1.4816854408841211,1.4816854408841211
3-Memory-Noise,disk_io_total,tenant-nsy,tenant-ntk,0.0915631812432068,0.2287809832091171,0,0.0,0.0,5.88045696512174,0.0
3-Memory-Noise,disk_io_total,tenant-ntk,tenant-cpu,0.1365833174819928,0.2833125905467672,0,0.0,5.88045696512174,13.486598491563706,0.0
3-Memory-Noise,disk_io_total,tenant-ntk,tenant-dsk,0.0419757304196855,0.2794922854359394,1,0.0,5.88045696512174,-36.30511068750993,36.30511068750993
3-Memory-Noise,disk_io_total,tenant-ntk,tenant-mem,0.0733409824093065,0.2677453180640746,0,0.0,5.88045696512174,-1.4816854408841211,0.0
3-Memory-Noise,disk_io_total,tenant-ntk,tenant-nsy,0.1680610649086809,0.2193979362734842,0,0.0,5.88045696512174,0.0,0.0
3-Memory-Noise,memory_usage,tenant-cpu,tenant-dsk,0.6185952886591709,0.2643810811711868,0,0.0,4.499214258633559,2.7114293484942307,0.0
3-Memory-Noise,memory_usage,tenant-cpu,tenant-mem,0.4117794054776705,0.2428862798514023,0,0.0,4.499214258633559,2.668053168917281,0.0
3-Memory-Noise,memory_usage,tenant-cpu,tenant-nsy,0.511123813458072,0.2663260152335497,0,0.0,4.499214258633559,0.0,0.0
3-Memory-Noise,memory_usage,tenant-cpu,tenant-ntk,0.5626116333030439,0.2328133327006404,0,0.0,4.499214258633559,2.2970379160275995,0.0
3-Memory-Noise,memory_usage,tenant-dsk,tenant-cpu,0.5865420707286902,0.2774518142050731,0,0.0,2.7114293484942307,4.499214258633559,0.0
3-Memory-Noise,memory_usage,tenant-dsk,tenant-mem,0.4959997152466348,0.251888699030965,0,0.0,2.7114293484942307,2.668053168917281,0.0
3-Memory-Noise,memory_usage,tenant-dsk,tenant-nsy,0.5100612928115946,0.2674857620960737,0,0.0,2.7114293484942307,0.0,0.0
3-Memory-Noise,memory_usage,tenant-dsk,tenant-ntk,0.49166688917232,0.2360370409535936,0,0.0,2.7114293484942307,2.2970379160275995,0.0
3-Memory-Noise,memory_usage,tenant-mem,tenant-cpu,0.4945621750972532,0.2646268575544964,0,0.0,2.668053168917281,4.499214258633559,0.0
3-Memory-Noise,memory_usage,tenant-mem,tenant-dsk,0.6394282028380651,0.2605546337608367,0,0.0,2.668053168917281,2.7114293484942307,0.0
3-Memory-Noise,memory_usage,tenant-mem,tenant-nsy,0.629425370063181,0.253226327743414,0,0.0,2.668053168917281,0.0,0.0
3-Memory-Noise,memory_usage,tenant-mem,tenant-ntk,0.3498060084747573,0.2239860291126096,0,0.0,2.668053168917281,2.2970379160275995,0.0
3-Memory-Noise,memory_usage,tenant-nsy,tenant-cpu,0.4363197650867074,0.2827521019257266,0,0.0,0.0,4.499214258633559,0.0
3-Memory-Noise,memory_usage,tenant-nsy,tenant-dsk,0.7650313440708252,0.2723571080363322,0,0.0,0.0,2.7114293484942307,0.0
3-Memory-Noise,memory_usage,tenant-nsy,tenant-mem,0.3987526153411659,0.249837214877926,0,0.0,0.0,2.668053168917281,0.0
3-Memory-Noise,memory_usage,tenant-nsy,tenant-ntk,0.5350188607808745,0.2422498281730051,0,0.0,0.0,2.2970379160275995,0.0
3-Memory-Noise,memory_usage,tenant-ntk,tenant-cpu,0.5082549041834612,0.2490037536711226,0,0.0,2.2970379160275995,4.499214258633559,0.0
3-Memory-Noise,memory_usage,tenant-ntk,tenant-dsk,0.3982313351295036,0.2573476800047624,0,0.0,2.2970379160275995,2.7114293484942307,0.0
3-Memory-Noise,memory_usage,tenant-ntk,tenant-mem,0.3165201908829231,0.2312132244494262,0,0.0,2.2970379160275995,2.668053168917281,0.0
3-Memory-Noise,memory_usage,tenant-ntk,tenant-nsy,0.347390942463857,0.2405164761470074,0,0.0,2.2970379160275995,0.0,0.0
3-Memory-Noise,network_throughput,tenant-cpu,tenant-dsk,0.1907432662858371,0.2756103506997375,0,0.0,-3.016244295091437,-14.509483143109335,0.0
3-Memory-Noise,network_throughput,tenant-cpu,tenant-mem,0.3455440838764035,0.2809064396294075,0,0.0,-3.016244295091437,-3.017772339466837,0.0
3-Memory-Noise,network_throughput,tenant-cpu,tenant-nsy,0.174711592210733,0.2728026819908972,0,0.0,-3.016244295091437,0.0,0.0
3-Memory-Noise,network_throughput,tenant-cpu,tenant-ntk,0.2090023679681253,0.2592915794941178,0,0.0,-3.016244295091437,3.452795192686472,0.0
3-Memory-Noise,network_throughput,tenant-dsk,tenant-cpu,0.1610910094555059,0.2983252926577439,0,0.0,-14.509483143109335,-3.016244295091437,0.0
3-Memory-Noise,network_throughput,tenant-dsk,tenant-mem,0.0737872270246282,0.2988463048330033,0,0.0,-14.509483143109335,-3.017772339466837,0.0
3-Memory-Noise,network_throughput,tenant-dsk,tenant-nsy,0.088359493976337,0.2735350774920622,0,0.0,-14.509483143109335,0.0,0.0
3-Memory-Noise,network_throughput,tenant-dsk,tenant-ntk,0.1112054182245011,0.2468069281224945,0,0.0,-14.509483143109335,3.452795192686472,0.0
3-Memory-Noise,network_throughput,tenant-mem,tenant-cpu,0.3353639053666498,0.2888655124636389,0,0.0,-3.017772339466837,-3.016244295091437,0.0
3-Memory-Noise,network_throughput,tenant-mem,tenant-dsk,0.0592094579586287,0.2906746832778055,0,0.0,-3.017772339466837,-14.509483143109335,0.0
3-Memory-Noise,network_throughput,tenant-mem,tenant-nsy,0.1662117784416799,0.2714315025213838,0,0.0,-3.017772339466837,0.0,0.0
3-Memory-Noise,network_throughput,tenant-mem,tenant-ntk,0.1335190405466799,0.2495744531367211,0,0.0,-3.017772339466837,3.452795192686472,0.0
3-Memory-Noise,network_throughput,tenant-nsy,tenant-cpu,0.2755852184848226,0.2658941825451933,0,0.0,0.0,-3.016244295091437,0.0
3-Memory-Noise,network_throughput,tenant-nsy,tenant-dsk,0.1599461610083364,0.2730971767570583,0,0.0,0.0,-14.509483143109335,0.0
3-Memory-Noise,network_throughput,tenant-nsy,tenant-mem,0.1828906219857921,0.2790403521786494,0,0.0,0.0,-3.017772339466837,0.0
3-Memory-Noise,network_throughput,tenant-nsy,tenant-ntk,0.0413793858667501,0.2453558782275991,1,0.0,0.0,3.452795192686472,3.452795192686472
3-Memory-Noise,network_throughput,tenant-ntk,tenant-cpu,0.0898549514005654,0.2911379593595072,0,0.0,3.452795192686472,-3.016244295091437,0.0
3-Memory-Noise,network_throughput,tenant-ntk,tenant-dsk,0.0452951324714787,0.2962677268521289,1,0.0,3.452795192686472,-14.509483143109335,14.509483143109335
3-Memory-Noise,network_throughput,tenant-ntk,tenant-mem,0.0772805740623933,0.2964659264680013,0,0.0,3.452795192686472,-3.017772339466837,0.0
3-Memory-Noise,network_throughput,tenant-ntk,tenant-nsy,0.0118598139796884,0.2689049187885035,1,0.0,3.452795192686472,0.0,0.0
4-Network-Noise,cpu_usage,tenant-cpu,tenant-dsk,0.0203582043168002,0.2872754565256196,1,0.0,-36.32341605938633,-6.038607808130766,6.038607808130766
4-Network-Noise,cpu_usage,tenant-cpu,tenant-mem,0.0503817936341171,0.10162688138171,0,0.0,-36.32341605938633,-36.307266498279546,0.0
4-Network-Noise,cpu_usage,tenant-cpu,tenant-nsy,0.0004319703472206,0.0918403240761479,1,0.0,-36.32341605938633,0.0,0.0
4-Network-Noise,cpu_usage,tenant-cpu,tenant-ntk,0.0532130069133134,0.2762247684840951,0,0.0,-36.32341605938633,-2.756918200622457,0.0
4-Network-Noise,cpu_usage,tenant-dsk,tenant-cpu,0.0031144568827548,0.1589708520955832,1,0.0,-6.038607808130766,-36.32341605938633,36.32341605938633
4-Network-Noise,cpu_usage,tenant-dsk,tenant-mem,0.0405930196846009,0.1764005154322256,1,0.0,-6.038607808130766,-36.307266498279546,36.307266498279546
4-Network-Noise,cpu_usage,tenant-dsk,tenant-nsy,0.094047016506502,0.0905267401252323,0,0.0,-6.038607808130766,0.0,0.0
4-Network-Noise,cpu_usage,tenant-dsk,tenant-ntk,0.0990864706574084,0.3659948371666656,1,0.0,-6.038607808130766,-2.756918200622457,2.756918200622457
4-Network-Noise,cpu_usage,tenant-mem,tenant-cpu,0.0033665992093897,0.1080558717130127,1,0.0,-36.307266498279546,-36.32341605938633,36.32341605938633
4-Network-Noise,cpu_usage,tenant-mem,tenant-dsk,0.0020280149210492,0.2714187329347124,1,0.0,-36.307266498279546,-6.038607808130766,6.038607808130766
4-Network-Noise,cpu_usage,tenant-mem,tenant-nsy,5.30891134074139e-05,0.0847415774711862,1,0.0,-36.307266498279546,0.0,0.0
4-Network-Noise,cpu_usage,tenant-mem,tenant-ntk,0.0510184521821062,0.2873344289699125,0,0.0,-36.307266498279546,-2.756918200622457,0.0
4-Network-Noise,cpu_usage,tenant-nsy,tenant-cpu,0.0004668925878227,0.1264765663352428,1,0.0,0.0,-36.32341605938633,36.32341605938633
4-Network-Noise,cpu_usage,tenant-nsy,tenant-dsk,0.0106713347600619,0.2218989852081803,1,0.0,0.0,-6.038607808130766,6.038607808130766
4-Network-Noise,cpu_usage,tenant-nsy,tenant-mem,6.258938081385513e-05,0.1318648730823614,1,0.0,0.0,-36.307266498279546,36.307266498279546
4-Network-Noise,cpu_usage,tenant-nsy,tenant-ntk,0.1067298306130044,0.2325411402181419,0,0.0,0.0,-2.756918200622457,0.0
4-Network-Noise,cpu_usage,tenant-ntk,tenant-cpu,0.0068384623825191,0.1961553520962703,1,0.0,-2.756918200622457,-36.32341605938633,36.32341605938633
4-Network-Noise,cpu_usage,tenant-ntk,tenant-dsk,0.0032298990336173,0.3970434439155858,2,0.0,-2.756918200622457,-6.038607808130766,12.077215616261531
4-Network-Noise,cpu_usage,tenant-ntk,tenant-mem,0.0029366612400435,0.1973070625015713,1,0.0,-2.756918200622457,-36.307266498279546,36.307266498279546
4-Network-Noise,cpu_usage,tenant-ntk,tenant-nsy,0.0011641834574735,0.1064497360741087,1,0.0,-2.756918200622457,0.0,0.0
4-Network-Noise,disk_io_total,tenant-cpu,tenant-dsk,0.1106437137422497,0.2882338016077703,0,0.0,20.212462855016728,-35.98501367677513,0.0
4-Network-Noise,disk_io_total,tenant-cpu,tenant-mem,0.2205486833719191,0.3356191343228504,1,0.0,20.212462855016728,-3.745203566460648,3.745203566460648
4-Network-Noise,disk_io_total,tenant-cpu,tenant-nsy,0.0951751583721644,0.3221550738648281,1,0.0,20.212462855016728,0.0,0.0
4-Network-Noise,disk_io_total,tenant-cpu,tenant-ntk,0.1370396982917711,0.3156221037604109,1,0.0,20.212462855016728,5.455167863812384,5.455167863812384
4-Network-Noise,disk_io_total,tenant-dsk,tenant-cpu,0.0186097971014997,0.3033754553600428,1,0.0,-35.98501367677513,20.212462855016728,20.212462855016728
4-Network-Noise,disk_io_total,tenant-dsk,tenant-mem,0.1009384209628944,0.3300874751459905,1,0.0,-35.98501367677513,-3.745203566460648,3.745203566460648
4-Network-Noise,disk_io_total,tenant-dsk,tenant-nsy,0.0534017630510243,0.2925513752092372,0,0.0,-35.98501367677513,0.0,0.0
4-Network-Noise,disk_io_total,tenant-dsk,tenant-ntk,0.0198166877817873,0.3148200669757804,2,0.0,-35.98501367677513,5.455167863812384,10.910335727624767
4-Network-Noise,disk_io_total,tenant-mem,tenant-cpu,0.0261297638242707,0.3244977831711345,2,0.0,-3.745203566460648,20.212462855016728,40.424925710033456
4-Network-Noise,disk_io_total,tenant-mem,tenant-dsk,0.1313249987579499,0.2906291921468823,0,0.0,-3.745203566460648,-35.98501367677513,0.0
4-Network-Noise,disk_io_total,tenant-mem,tenant-nsy,0.0781157992800656,0.3137698742854868,1,0.0,-3.745203566460648,0.0,0.0
4-Network-Noise,disk_io_total,tenant-mem,tenant-ntk,0.1302048990705843,0.3084264435595999,1,0.0,-3.745203566460648,5.455167863812384,5.455167863812384
4-Network-Noise,disk_io_total,tenant-nsy,tenant-cpu,0.101557245076966,0.3151893839278835,1,0.0,0.0,20.212462855016728,20.212462855016728
4-Network-Noise,disk_io_total,tenant-nsy,tenant-dsk,0.0786706625701789,0.290076202552512,0,0.0,0.0,-35.98501367677513,0.0
4-Network-Noise,disk_io_total,tenant-nsy,tenant-mem,0.0476171987106827,0.3123770823134445,2,0.0,0.0,-3.745203566460648,7.490407132921296
4-Network-Noise,disk_io_total,tenant-nsy,tenant-ntk,0.1273248727928984,0.3079037712611622,1,0.0,0.0,5.455167863812384,5.455167863812384
4-Network-Noise,disk_io_total,tenant-ntk,tenant-cpu,0.050965221861476,0.3134709141208152,1,0.0,5.455167863812384,20.212462855016728,20.212462855016728
4-Network-Noise,disk_io_total,tenant-ntk,tenant-dsk,0.1428607962344759,0.3008156861993084,0,0.0,5.455167863812384,-35.98501367677513,0.0
4-Network-Noise,disk_io_total,tenant-ntk,tenant-mem,0.0527706108323296,0.3325408857896791,1,0.0,5.455167863812384,-3.745203566460648,3.745203566460648
4-Network-Noise,disk_io_total,tenant-ntk,tenant-nsy,0.1288472178301236,0.2886160479001224,0,0.0,5.455167863812384,0.0,0.0
4-Network-Noise,memory_usage,tenant-cpu,tenant-dsk,0.7917375737024046,0.2608242596396617,0,0.0,4.474216583004042,3.940711130789219,0.0
4-Network-Noise,memory_usage,tenant-cpu,tenant-mem,0.45999303843499,0.2588553029655155,0,0.0,4.474216583004042,4.593790064120482,0.0
4-Network-Noise,memory_usage,tenant-cpu,tenant-nsy,0.6183747672869148,0.1154021638290132,0,0.0,4.474216583004042,0.0,0.0
4-Network-Noise,memory_usage,tenant-cpu,tenant-ntk,0.5929693631235861,0.2211202760741377,0,0.0,4.474216583004042,3.136267702605098,0.0
4-Network-Noise,memory_usage,tenant-dsk,tenant-cpu,0.645744719802717,0.2464553445958984,0,0.0,3.940711130789219,4.474216583004042,0.0
4-Network-Noise,memory_usage,tenant-dsk,tenant-mem,0.6482173612781544,0.2760128205081952,0,0.0,3.940711130789219,4.593790064120482,0.0
4-Network-Noise,memory_usage,tenant-dsk,tenant-nsy,0.6890504009754,0.1216291964174299,0,0.0,3.940711130789219,0.0,0.0
4-Network-Noise,memory_usage,tenant-dsk,tenant-ntk,0.4224688293672011,0.2172844095220182,0,0.0,3.940711130789219,3.136267702605098,0.0
4-Network-Noise,memory_usage,tenant-mem,tenant-cpu,0.5187508298853784,0.2407365813690287,0,0.0,4.593790064120482,4.474216583004042,0.0
4-Network-Noise,memory_usage,tenant-mem,tenant-dsk,0.5859995702268663,0.2574488184413389,0,0.0,4.593790064120482,3.940711130789219,0.0
4-Network-Noise,memory_usage,tenant-mem,tenant-nsy,0.6759072460530835,0.1261288413411991,0,0.0,4.593790064120482,0.0,0.0
4-Network-Noise,memory_usage,tenant-mem,tenant-ntk,0.4241503512908942,0.2361484148948558,0,0.0,4.593790064120482,3.136267702605098,0.0
4-Network-Noise,memory_usage,tenant-nsy,tenant-cpu,0.4996080054818264,0.1748737809882026,0,0.0,0.0,4.474216583004042,0.0
4-Network-Noise,memory_usage,tenant-nsy,tenant-dsk,0.4931062980780421,0.1823512253108996,0,0.0,0.0,3.940711130789219,0.0
4-Network-Noise,memory_usage,tenant-nsy,tenant-mem,0.4927173059812345,0.1859050100301122,0,0.0,0.0,4.593790064120482,0.0
4-Network-Noise,memory_usage,tenant-nsy,tenant-ntk,0.5906007551090786,0.1535540723362289,0,0.0,0.0,3.136267702605098,0.0
4-Network-Noise,memory_usage,tenant-ntk,tenant-cpu,0.4852259485326772,0.2130068792270341,0,0.0,3.136267702605098,4.474216583004042,0.0
4-Network-Noise,memory_usage,tenant-ntk,tenant-dsk,0.6708555338307375,0.2332188315622077,0,0.0,3.136267702605098,3.940711130789219,0.0
4-Network-Noise,memory_usage,tenant-ntk,tenant-mem,0.5397070292692272,0.2603857433733749,0,0.0,3.136267702605098,4.593790064120482,0.0
4-Network-Noise,memory_usage,tenant-ntk,tenant-nsy,0.4180346278697129,0.1159086269776237,0,0.0,3.136267702605098,0.0,0.0
4-Network-Noise,network_throughput,tenant-cpu,tenant-dsk,0.1781644892193414,0.3139442364651379,1,0.0,-7.458189117858897,-18.18625927455599,18.18625927455599
4-Network-Noise,network_throughput,tenant-cpu,tenant-mem,0.3225681766857299,0.2852183943112898,0,0.0,-7.458189117858897,-8.020736508345855,0.0
4-Network-Noise,network_throughput,tenant-cpu,tenant-nsy,0.0424887389478694,0.0938951401209475,1,0.0,-7.458189117858897,0.0,0.0
4-Network-Noise,network_throughput,tenant-cpu,tenant-ntk,0.1529716048946448,0.264453086581371,0,0.0,-7.458189117858897,1.0386842333358848,0.0
4-Network-Noise,network_throughput,tenant-dsk,tenant-cpu,0.1711411904100846,0.3122265432285596,1,0.0,-18.18625927455599,-7.458189117858897,7.458189117858897
4-Network-Noise,network_throughput,tenant-dsk,tenant-mem,0.0715126910848087,0.324446500530011,1,0.0,-18.18625927455599,-8.020736508345855,8.020736508345855
4-Network-Noise,network_throughput,tenant-dsk,tenant-nsy,0.0603774455390527,0.0841243742762093,0,0.0,-18.18625927455599,0.0,0.0
4-Network-Noise,network_throughput,tenant-dsk,tenant-ntk,0.0746351194423194,0.2554886491151348,0,0.0,-18.18625927455599,1.0386842333358848,0.0
4-Network-Noise,network_throughput,tenant-mem,tenant-cpu,0.1296513929390727,0.3153501053594654,1,0.0,-8.020736508345855,-7.458189117858897,7.458189117858897
4-Network-Noise,network_throughput,tenant-mem,tenant-dsk,0.04180717119045,0.3008775302368621,1,0.0,-8.020736508345855,-18.18625927455599,18.18625927455599
4-Network-Noise,network_throughput,tenant-mem,tenant-nsy,0.1174254412901326,0.0920984227313709,0,0.0,-8.020736508345855,0.0,0.0
4-Network-Noise,network_throughput,tenant-mem,tenant-ntk,0.2583411541161671,0.2662890404145169,0,0.0,-8.020736508345855,1.0386842333358848,0.0
4-Network-Noise,network_throughput,tenant-nsy,tenant-cpu,0.0824305043780853,0.1777942895874914,0,0.0,0.0,-7.458189117858897,0.0
4-Network-Noise,network_throughput,tenant-nsy,tenant-dsk,0.0689491624890256,0.1856803536229306,0,0.0,0.0,-18.18625927455599,0.0
4-Network-Noise,network_throughput,tenant-nsy,tenant-mem,0.0562513938995312,0.1773631624235463,0,0.0,0.0,-8.020736508345855,0.0
4-Network-Noise,network_throughput,tenant-nsy,tenant-ntk,0.0520444173613431,0.1612552221220546,0,0.0,0.0,1.0386842333358848,0.0
4-Network-Noise,network_throughput,tenant-ntk,tenant-cpu,0.0777160274694959,0.2963171732084753,0,0.0,1.0386842333358848,-7.458189117858897,0.0
4-Network-Noise,network_throughput,tenant-ntk,tenant-dsk,0.0345930513300324,0.2972966468354228,1,0.0,1.0386842333358848,-18.18625927455599,18.18625927455599
4-Network-Noise,network_throughput,tenant-ntk,tenant-mem,0.0250510486976238,0.2989430446285595,1,0.0,1.0386842333358848,-8.020736508345855,8.020736508345855
4-Network-Noise,network_throughput,tenant-ntk,tenant-nsy,0.002550187017521,0.0917166064160153,1,0.0,1.0386842333358848,0.0,0.0
5-Disk-Noise,cpu_usage,tenant-cpu,tenant-dsk,0.0075510808799105,0.366259233835418,2,0.0,-9.660446287264154,-7.80963138983199,15.61926277966398
5-Disk-Noise,cpu_usage,tenant-cpu,tenant-mem,0.0930573184067813,0.3689455447482969,1,0.0,-9.660446287264154,-9.064533699041268,9.064533699041268
5-Disk-Noise,cpu_usage,tenant-cpu,tenant-nsy,0.0074020149048061,0.3579402583395427,2,0.0,-9.660446287264154,0.0,0.0
5-Disk-Noise,cpu_usage,tenant-cpu,tenant-ntk,0.0198404496656125,0.4018548334332268,2,0.0,-9.660446287264154,0.1045885844679161,0.2091771689358322
5-Disk-Noise,cpu_usage,tenant-dsk,tenant-cpu,0.0906935537406325,0.3776012456915644,1,0.0,-7.80963138983199,-9.660446287264154,9.660446287264154
5-Disk-Noise,cpu_usage,tenant-dsk,tenant-mem,0.0921624677007501,0.3752586692432913,1,0.0,-7.80963138983199,-9.064533699041268,9.064533699041268
5-Disk-Noise,cpu_usage,tenant-dsk,tenant-nsy,0.0477779777167726,0.3222665498875621,2,0.0,-7.80963138983199,0.0,0.0
5-Disk-Noise,cpu_usage,tenant-dsk,tenant-ntk,0.1338383402677673,0.3678547840708574,1,0.0,-7.80963138983199,0.1045885844679161,0.1045885844679161
5-Disk-Noise,cpu_usage,tenant-mem,tenant-cpu,0.0986234167997969,0.3859323239760173,1,0.0,-9.064533699041268,-9.660446287264154,9.660446287264154
5-Disk-Noise,cpu_usage,tenant-mem,tenant-dsk,0.0085228967359403,0.3503922137083436,2,0.0,-9.064533699041268,-7.80963138983199,15.61926277966398
5-Disk-Noise,cpu_usage,tenant-mem,tenant-nsy,0.055500034895816,0.3844089673017864,1,0.0,-9.064533699041268,0.0,0.0
5-Disk-Noise,cpu_usage,tenant-mem,tenant-ntk,0.0687613393386778,0.4044119577112376,1,0.0,-9.064533699041268,0.1045885844679161,0.1045885844679161
5-Disk-Noise,cpu_usage,tenant-nsy,tenant-cpu,0.1449366628615572,0.3913103077879054,1,0.0,0.0,-9.660446287264154,9.660446287264154
5-Disk-Noise,cpu_usage,tenant-nsy,tenant-dsk,0.0871376477430956,0.3338494059820771,1,0.0,0.0,-7.80963138983199,7.80963138983199
5-Disk-Noise,cpu_usage,tenant-nsy,tenant-mem,0.1157699398219782,0.3690353451397962,1,0.0,0.0,-9.064533699041268,9.064533699041268
5-Disk-Noise,cpu_usage,tenant-nsy,tenant-ntk,0.2005951350351999,0.3556193817222284,1,0.0,0.0,0.1045885844679161,0.1045885844679161
5-Disk-Noise,cpu_usage,tenant-ntk,tenant-cpu,0.0214096022151345,0.4255765551365458,2,0.0,0.1045885844679161,-9.660446287264154,19.320892574528308
5-Disk-Noise,cpu_usage,tenant-ntk,tenant-dsk,0.0123445423047367,0.3675956092803177,2,0.0,0.1045885844679161,-7.80963138983199,15.61926277966398
5-Disk-Noise,cpu_usage,tenant-ntk,tenant-mem,0.0327608924230155,0.390598974325158,2,0.0,0.1045885844679161,-9.064533699041268,18.129067398082537
5-Disk-Noise,cpu_usage,tenant-ntk,tenant-nsy,0.0229138739718874,0.3679024900052907,2,0.0,0.1045885844679161,0.0,0.0
5-Disk-Noise,disk_io_total,tenant-cpu,tenant-dsk,0.0634458573902543,0.0572229095860308,0,0.0,14.082503620637263,-65.53502985706837,0.0
5-Disk-Noise,disk_io_total,tenant-cpu,tenant-mem,0.2068176409520362,0.2812196504835086,0,0.0,14.082503620637263,3.732884645699786,0.0
5-Disk-Noise,disk_io_total,tenant-cpu,tenant-nsy,0.0728945918657105,0.0100784746778184,0,0.0,14.082503620637263,0.0,0.0
5-Disk-Noise,disk_io_total,tenant-cpu,tenant-ntk,0.140357535181548,0.282202998612641,0,0.0,14.082503620637263,22.200095726275443,0.0
5-Disk-Noise,disk_io_total,tenant-dsk,tenant-cpu,0.1319218986382487,0.1226613405052011,0,0.0,-65.53502985706837,14.082503620637263,0.0
5-Disk-Noise,disk_io_total,tenant-dsk,tenant-mem,0.058022447572699,0.138338309191729,0,0.0,-65.53502985706837,3.732884645699786,0.0
5-Disk-Noise,disk_io_total,tenant-dsk,tenant-nsy,0.0008236555779449,0.0153677778719659,1,0.0,-65.53502985706837,0.0,0.0
5-Disk-Noise,disk_io_total,tenant-dsk,tenant-ntk,0.0882524952782627,0.1429859545573291,0,0.0,-65.53502985706837,22.200095726275443,0.0
5-Disk-Noise,disk_io_total,tenant-mem,tenant-cpu,0.2561581457309635,0.2640116095423576,0,0.0,3.732884645699786,14.082503620637263,0.0
5-Disk-Noise,disk_io_total,tenant-mem,tenant-dsk,0.1378720038988105,0.0693238568405285,0,0.0,3.732884645699786,-65.53502985706837,0.0
5-Disk-Noise,disk_io_total,tenant-mem,tenant-nsy,0.0749595294101181,0.0131415867782661,0,0.0,3.732884645699786,0.0,0.0
5-Disk-Noise,disk_io_total,tenant-mem,tenant-ntk,0.1141520431836391,0.2985482374080762,0,0.0,3.732884645699786,22.200095726275443,0.0
5-Disk-Noise,disk_io_total,tenant-nsy,tenant-cpu,0.1765129441097969,0.0379924920078056,0,0.0,0.0,14.082503620637263,0.0
5-Disk-Noise,disk_io_total,tenant-nsy,tenant-dsk,0.0007380002748406,0.0200818774873218,1,0.0,0.0,-65.53502985706837,65.53502985706837
5-Disk-Noise,disk_io_total,tenant-nsy,tenant-mem,0.2485253663211291,0.0446219810945651,0,0.0,0.0,3.732884645699786,0.0
5-Disk-Noise,disk_io_total,tenant-nsy,tenant-ntk,0.1697760385607032,0.0454331567076121,0,0.0,0.0,22.200095726275443,0.0
5-Disk-Noise,disk_io_total,tenant-ntk,tenant-cpu,0.1273415534280013,0.2575374618712276,0,0.0,22.200095726275443,14.082503620637263,0.0
5-Disk-Noise,disk_io_total,tenant-ntk,tenant-dsk,0.1376337875078174,0.0647404102461051,0,0.0,22.200095726275443,-65.53502985706837,0.0
5-Disk-Noise,disk_io_total,tenant-ntk,tenant-mem,0.200412211193611,0.3046786994600098,1,0.0,22.200095726275443,3.732884645699786,3.732884645699786
5-Disk-Noise,disk_io_total,tenant-ntk,tenant-nsy,0.1453171484252573,0.0112331820946568,0,0.0,22.200095726275443,0.0,0.0
5-Disk-Noise,memory_usage,tenant-cpu,tenant-dsk,0.4610612529403699,0.2910978817023091,0,0.0,10.662416766509036,6.282379810584805,0.0
5-Disk-Noise,memory_usage,tenant-cpu,tenant-mem,0.3638089706790959,0.2810550491582989,0,0.0,10.662416766509036,10.77520068925754,0.0
5-Disk-Noise,memory_usage,tenant-cpu,tenant-nsy,0.6265238005525706,0.1515624805025767,0,0.0,10.662416766509036,0.0,0.0
5-Disk-Noise,memory_usage,tenant-cpu,tenant-ntk,0.584310372192921,0.2735376930481596,0,0.0,10.662416766509036,5.741725790804962,0.0
5-Disk-Noise,memory_usage,tenant-dsk,tenant-cpu,0.615252488860968,0.3040887419446955,1,0.0,6.282379810584805,10.662416766509036,10.662416766509036
5-Disk-Noise,memory_usage,tenant-dsk,tenant-mem,0.4635997074828196,0.2773453122038616,0,0.0,6.282379810584805,10.77520068925754,0.0
5-Disk-Noise,memory_usage,tenant-dsk,tenant-nsy,0.4678966324863844,0.1668497726111189,0,0.0,6.282379810584805,0.0,0.0
5-Disk-Noise,memory_usage,tenant-dsk,tenant-ntk,0.6106458434914617,0.2712147882086164,0,0.0,6.282379810584805,5.741725790804962,0.0
5-Disk-Noise,memory_usage,tenant-mem,tenant-cpu,0.5386011269569764,0.281707101590916,0,0.0,10.77520068925754,10.662416766509036,0.0
5-Disk-Noise,memory_usage,tenant-mem,tenant-dsk,0.427578761879571,0.2946138652746895,0,0.0,10.77520068925754,6.282379810584805,0.0
5-Disk-Noise,memory_usage,tenant-mem,tenant-nsy,0.393966489206371,0.1620039541914259,0,0.0,10.77520068925754,0.0,0.0
5-Disk-Noise,memory_usage,tenant-mem,tenant-ntk,0.4596071097569938,0.2694264300028909,0,0.0,10.77520068925754,5.741725790804962,0.0
5-Disk-Noise,memory_usage,tenant-nsy,tenant-cpu,0.5127484300638376,0.2149858725581945,0,0.0,0.0,10.662416766509036,0.0
5-Disk-Noise,memory_usage,tenant-nsy,tenant-dsk,0.3869753845432807,0.2167801677396627,0,0.0,0.0,6.282379810584805,0.0
5-Disk-Noise,memory_usage,tenant-nsy,tenant-mem,0.4128018459661448,0.2072397712703379,0,0.0,0.0,10.77520068925754,0.0
5-Disk-Noise,memory_usage,tenant-nsy,tenant-ntk,0.5074586676501563,0.2048091387501846,0,0.0,0.0,5.741725790804962,0.0
5-Disk-Noise,memory_usage,tenant-ntk,tenant-cpu,0.4653639412379236,0.2821017525232703,0,0.0,5.741725790804962,10.662416766509036,0.0
5-Disk-Noise,memory_usage,tenant-ntk,tenant-dsk,0.6175372034047919,0.2828975931869079,0,0.0,5.741725790804962,6.282379810584805,0.0
5-Disk-Noise,memory_usage,tenant-ntk,tenant-mem,0.7472381617696975,0.2548623088391496,0,0.0,5.741725790804962,10.77520068925754,0.0
5-Disk-Noise,memory_usage,tenant-ntk,tenant-nsy,0.5025072067702492,0.1517497412566917,0,0.0,5.741725790804962,0.0,0.0
5-Disk-Noise,network_throughput,tenant-cpu,tenant-dsk,0.0332820705184855,0.2959685813511673,1,0.0,-7.324127573393378,-16.178337219744545,16.178337219744545
5-Disk-Noise,network_throughput,tenant-cpu,tenant-mem,0.1923838200157255,0.259804937001195,0,0.0,-7.324127573393378,-7.614586527598538,0.0
5-Disk-Noise,network_throughput,tenant-cpu,tenant-nsy,0.371306457471825,0.0236751598614395,0,0.0,-7.324127573393378,0.0,0.0
5-Disk-Noise,network_throughput,tenant-cpu,tenant-ntk,0.1175718958687764,0.2231475385331348,0,0.0,-7.324127573393378,9.41963779390299,0.0
5-Disk-Noise,network_throughput,tenant-dsk,tenant-cpu,0.1355940487816407,0.2748664153645367,0,0.0,-16.178337219744545,-7.324127573393378,0.0
5-Disk-Noise,network_throughput,tenant-dsk,tenant-mem,0.1850775719547288,0.2945603198343134,0,0.0,-16.178337219744545,-7.614586527598538,0.0
5-Disk-Noise,network_throughput,tenant-dsk,tenant-nsy,0.4187193511085402,0.0184228923100452,0,0.0,-16.178337219744545,0.0,0.0
5-Disk-Noise,network_throughput,tenant-dsk,tenant-ntk,0.0355401961158137,0.2478085254928391,1,0.0,-16.178337219744545,9.41963779390299,9.41963779390299
5-Disk-Noise,network_throughput,tenant-mem,tenant-cpu,0.1820648511051575,0.2443126878441842,0,0.0,-7.614586527598538,-7.324127573393378,0.0
5-Disk-Noise,network_throughput,tenant-mem,tenant-dsk,0.1507007956177082,0.3191802899934564,1,0.0,-7.614586527598538,-16.178337219744545,16.178337219744545
5-Disk-Noise,network_throughput,tenant-mem,tenant-nsy,0.1637000295998286,0.0212070534459644,0,0.0,-7.614586527598538,0.0,0.0
5-Disk-Noise,network_throughput,tenant-mem,tenant-ntk,0.1334299008226391,0.2310373073792095,0,0.0,-7.614586527598538,9.41963779390299,0.0
5-Disk-Noise,network_throughput,tenant-nsy,tenant-cpu,0.4266304363123093,0.0475129023055271,0,0.0,0.0,-7.324127573393378,0.0
5-Disk-Noise,network_throughput,tenant-nsy,tenant-dsk,0.3057374755768881,0.0469251079565695,0,0.0,0.0,-16.178337219744545,0.0
5-Disk-Noise,network_throughput,tenant-nsy,tenant-mem,0.3905676324970381,0.0447403225551257,0,0.0,0.0,-7.614586527598538,0.0
5-Disk-Noise,network_throughput,tenant-nsy,tenant-ntk,0.2468097876134826,0.0377329023875307,0,0.0,0.0,9.41963779390299,0.0
5-Disk-Noise,network_throughput,tenant-ntk,tenant-cpu,0.0524192178356263,0.2567761309056338,0,0.0,9.41963779390299,-7.324127573393378,0.0
5-Disk-Noise,network_throughput,tenant-ntk,tenant-dsk,0.0798584189398273,0.3029947628856255,0,0.0,9.41963779390299,-16.178337219744545,0.0
5-Disk-Noise,network_throughput,tenant-ntk,tenant-mem,0.1159200502034513,0.259343434374761,0,0.0,9.41963779390299,-7.614586527598538,0.0
5-Disk-Noise,network_throughput,tenant-ntk,tenant-nsy,0.2447204935155892,0.017997046364443,0,0.0,9.41963779390299,0.0,0.0
6-Combined-Noise,cpu_usage,tenant-cpu,tenant-dsk,0.1181464771997748,0.3326497480402647,1,0.0,-56.36660216298101,-11.697670078286093,11.697670078286093
6-Combined-Noise,cpu_usage,tenant-cpu,tenant-mem,0.1887927421717102,0.2183264795678232,0,0.0,-56.36660216298101,-56.4125536841378,0.0
6-Combined-Noise,cpu_usage,tenant-cpu,tenant-nsy,0.0051647934087192,0.3403563025219059,2,0.0,-56.36660216298101,0.0,0.0
6-Combined-Noise,cpu_usage,tenant-cpu,tenant-ntk,0.1304424120035018,0.349928457407994,1,0.0,-56.36660216298101,-3.829809423627348,3.829809423627348
6-Combined-Noise,cpu_usage,tenant-dsk,tenant-cpu,0.1310595607821799,0.2694498986830621,0,0.0,-11.697670078286093,-56.36660216298101,0.0
6-Combined-Noise,cpu_usage,tenant-dsk,tenant-mem,0.0924474643595805,0.2552278919446736,0,0.0,-11.697670078286093,-56.4125536841378,0.0
6-Combined-Noise,cpu_usage,tenant-dsk,tenant-nsy,0.1384530603877796,0.3748301170441906,1,0.0,-11.697670078286093,0.0,0.0
6-Combined-Noise,cpu_usage,tenant-dsk,tenant-ntk,0.1039747152446214,0.4154942159920412,1,0.0,-11.697670078286093,-3.829809423627348,3.829809423627348
6-Combined-Noise,cpu_usage,tenant-mem,tenant-cpu,0.0360369900053562,0.2093198614790153,1,0.0,-56.4125536841378,-56.36660216298101,56.36660216298101
6-Combined-Noise,cpu_usage,tenant-mem,tenant-dsk,0.0357057129814623,0.3387155583558265,2,0.0,-56.4125536841378,-11.697670078286093,23.395340156572185
6-Combined-Noise,cpu_usage,tenant-mem,tenant-nsy,0.0049144145283732,0.2961613515562782,1,0.0,-56.4125536841378,0.0,0.0
6-Combined-Noise,cpu_usage,tenant-mem,tenant-ntk,0.047541244214226,0.3785952033617731,2,0.0,-56.4125536841378,-3.829809423627348,7.659618847254696
6-Combined-Noise,cpu_usage,tenant-nsy,tenant-cpu,0.0001814579410397,0.2836786863738471,1,0.0,0.0,-56.36660216298101,56.36660216298101
6-Combined-Noise,cpu_usage,tenant-nsy,tenant-dsk,0.0078481908414072,0.408427009790379,2,0.0,0.0,-11.697670078286093,23.395340156572185
6-Combined-Noise,cpu_usage,tenant-nsy,tenant-mem,0.0110364040607619,0.2769606691930255,1,0.0,0.0,-56.4125536841378,56.4125536841378
6-Combined-Noise,cpu_usage,tenant-nsy,tenant-ntk,0.0290698322705998,0.4268544302369736,2,0.0,0.0,-3.829809423627348,7.659618847254696
6-Combined-Noise,cpu_usage,tenant-ntk,tenant-cpu,0.0309713292596087,0.2716071615902401,1,0.0,-3.829809423627348,-56.36660216298101,56.36660216298101
6-Combined-Noise,cpu_usage,tenant-ntk,tenant-dsk,0.0506569672712769,0.3813636706938087,1,0.0,-3.829809423627348,-11.697670078286093,11.697670078286093
6-Combined-Noise,cpu_usage,tenant-ntk,tenant-mem,0.1510572983136284,0.2812690289108042,0,0.0,-3.829809423627348,-56.4125536841378,0.0
6-Combined-Noise,cpu_usage,tenant-ntk,tenant-nsy,0.0137034111348612,0.3904884298164162,2,0.0,-3.829809423627348,0.0,0.0
6-Combined-Noise,disk_io_total,tenant-cpu,tenant-dsk,0.1777700173731951,0.3651896678599704,1,0.0,20.00655324250073,-67.5786476865795,67.5786476865795
6-Combined-Noise,disk_io_total,tenant-cpu,tenant-mem,0.0883949506125047,0.3597071027927785,1,0.0,20.00655324250073,3.921355919684791,3.921355919684791
6-Combined-Noise,disk_io_total,tenant-cpu,tenant-nsy,0.2469182420555763,0.3935989904049344,1,0.0,20.00655324250073,0.0,0.0
6-Combined-Noise,disk_io_total,tenant-cpu,tenant-ntk,0.159472928191713,0.3569109949280459,1,0.0,20.00655324250073,18.736995079137166,18.736995079137166
6-Combined-Noise,disk_io_total,tenant-dsk,tenant-cpu,0.2503148946818555,0.3607154220842964,1,0.0,-67.5786476865795,20.00655324250073,20.00655324250073
6-Combined-Noise,disk_io_total,tenant-dsk,tenant-mem,0.1653337663222374,0.340965649140506,1,0.0,-67.5786476865795,3.921355919684791,3.921355919684791
6-Combined-Noise,disk_io_total,tenant-dsk,tenant-nsy,0.1618315837269502,0.3812190401997592,1,0.0,-67.5786476865795,0.0,0.0
6-Combined-Noise,disk_io_total,tenant-dsk,tenant-ntk,0.1014228991591359,0.3554032112389332,1,0.0,-67.5786476865795,18.736995079137166,18.736995079137166
6-Combined-Noise,disk_io_total,tenant-mem,tenant-cpu,0.2946340373188214,0.3330876128205489,1,0.0,3.921355919684791,20.00655324250073,20.00655324250073
6-Combined-Noise,disk_io_total,tenant-mem,tenant-dsk,0.1287817150785696,0.3713621539434811,1,0.0,3.921355919684791,-67.5786476865795,67.5786476865795
6-Combined-Noise,disk_io_total,tenant-mem,tenant-nsy,0.184156407559356,0.382788392226415,1,0.0,3.921355919684791,0.0,0.0
6-Combined-Noise,disk_io_total,tenant-mem,tenant-ntk,0.1563455030637104,0.3771842224519686,1,0.0,3.921355919684791,18.736995079137166,18.736995079137166
6-Combined-Noise,disk_io_total,tenant-nsy,tenant-cpu,0.1033757374501698,0.3571698149282382,1,0.0,0.0,20.00655324250073,20.00655324250073
6-Combined-Noise,disk_io_total,tenant-nsy,tenant-dsk,0.1452024664040199,0.341053507348895,1,0.0,0.0,-67.5786476865795,67.5786476865795
6-Combined-Noise,disk_io_total,tenant-nsy,tenant-mem,0.0313284776941019,0.3306627126956252,2,0.0,0.0,3.921355919684791,7.842711839369582
6-Combined-Noise,disk_io_total,tenant-nsy,tenant-ntk,0.1734645514920309,0.3984095125805323,1,0.0,0.0,18.736995079137166,18.736995079137166
6-Combined-Noise,disk_io_total,tenant-ntk,tenant-cpu,0.2525398018874268,0.3817964362680097,1,0.0,18.736995079137166,20.00655324250073,20.00655324250073
6-Combined-Noise,disk_io_total,tenant-ntk,tenant-dsk,0.1573724965484109,0.3600460784191109,1,0.0,18.736995079137166,-67.5786476865795,67.5786476865795
6-Combined-Noise,disk_io_total,tenant-ntk,tenant-mem,0.2033793613698261,0.3529203666001276,1,0.0,18.736995079137166,3.921355919684791,3.921355919684791
6-Combined-Noise,disk_io_total,tenant-ntk,tenant-nsy,0.1693932569782139,0.3906643722485312,1,0.0,18.736995079137166,0.0,0.0
6-Combined-Noise,memory_usage,tenant-cpu,tenant-dsk,0.5086019374635959,0.3150479447364231,1,0.0,13.058429126286148,7.480380233467263,7.480380233467263
6-Combined-Noise,memory_usage,tenant-cpu,tenant-mem,0.3532184794954057,0.3184662843055826,1,0.0,13.058429126286148,11.996469622358187,11.996469622358187
6-Combined-Noise,memory_usage,tenant-cpu,tenant-nsy,0.6738540848696177,0.2087891158324647,0,0.0,13.058429126286148,0.0,0.0
6-Combined-Noise,memory_usage,tenant-cpu,tenant-ntk,0.5441697156071484,0.3298282875894853,1,0.0,13.058429126286148,6.752292993443457,6.752292993443457
6-Combined-Noise,memory_usage,tenant-dsk,tenant-cpu,0.4226346808356404,0.330058871736279,1,0.0,7.480380233467263,13.058429126286148,13.058429126286148
6-Combined-Noise,memory_usage,tenant-dsk,tenant-mem,0.4511258849273543,0.2969519389624174,0,0.0,7.480380233467263,11.996469622358187,0.0
6-Combined-Noise,memory_usage,tenant-dsk,tenant-nsy,0.4109873797771611,0.1885965863097454,0,0.0,7.480380233467263,0.0,0.0
6-Combined-Noise,memory_usage,tenant-dsk,tenant-ntk,0.5410250728448752,0.322041967613372,1,0.0,7.480380233467263,6.752292993443457,6.752292993443457
6-Combined-Noise,memory_usage,tenant-mem,tenant-cpu,0.5558341768534305,0.3336342009530197,1,0.0,11.996469622358187,13.058429126286148,13.058429126286148
6-Combined-Noise,memory_usage,tenant-mem,tenant-dsk,0.5550438293279155,0.2953905596961023,0,0.0,11.996469622358187,7.480380233467263,0.0
6-Combined-Noise,memory_usage,tenant-mem,tenant-nsy,0.4422019715659662,0.2097686422490872,0,0.0,11.996469622358187,0.0,0.0
6-Combined-Noise,memory_usage,tenant-mem,tenant-ntk,0.5491696030464969,0.3211822967437306,1,0.0,11.996469622358187,6.752292993443457,6.752292993443457
6-Combined-Noise,memory_usage,tenant-nsy,tenant-cpu,0.5939483726134641,0.2914212553162703,0,0.0,0.0,13.058429126286148,0.0
6-Combined-Noise,memory_usage,tenant-nsy,tenant-dsk,0.6126996090279786,0.2555341730463805,0,0.0,0.0,7.480380233467263,0.0
6-Combined-Noise,memory_usage,tenant-nsy,tenant-mem,0.3887019067184909,0.2762495681505301,0,0.0,0.0,11.996469622358187,0.0
6-Combined-Noise,memory_usage,tenant-nsy,tenant-ntk,0.5949211943236936,0.2661925142887143,0,0.0,0.0,6.752292993443457,0.0
6-Combined-Noise,memory_usage,tenant-ntk,tenant-cpu,0.4705179947212092,0.3420438326717048,1,0.0,6.752292993443457,13.058429126286148,13.058429126286148
6-Combined-Noise,memory_usage,tenant-ntk,tenant-dsk,0.3786397631402683,0.297971053269246,0,0.0,6.752292993443457,7.480380233467263,0.0
6-Combined-Noise,memory_usage,tenant-ntk,tenant-mem,0.5317482502758378,0.3135954570835434,1,0.0,6.752292993443457,11.996469622358187,11.996469622358187
6-Combined-Noise,memory_usage,tenant-ntk,tenant-nsy,0.5422124343191672,0.1899418593998386,0,0.0,6.752292993443457,0.0,0.0
6-Combined-Noise,network_throughput,tenant-cpu,tenant-dsk,0.20635783414424,0.3473645197498871,1,0.0,-13.755483343066269,-20.497085419274864,20.497085419274864
6-Combined-Noise,network_throughput,tenant-cpu,tenant-mem,0.2094086416585885,0.3952377181643121,1,0.0,-13.755483343066269,-14.290473793660317,14.290473793660317
6-Combined-Noise,network_throughput,tenant-cpu,tenant-nsy,0.1068800588344409,0.1128569585500736,0,0.0,-13.755483343066269,0.0,0.0
6-Combined-Noise,network_throughput,tenant-cpu,tenant-ntk,0.2540225935324103,0.3229523847999779,1,0.0,-13.755483343066269,-6.6833522114022,6.6833522114022
6-Combined-Noise,network_throughput,tenant-dsk,tenant-cpu,0.2496140104399377,0.3601912125655876,1,0.0,-20.497085419274864,-13.755483343066269,13.755483343066269
6-Combined-Noise,network_throughput,tenant-dsk,tenant-mem,0.2230040045681078,0.3709988877714568,1,0.0,-20.497085419274864,-14.290473793660317,14.290473793660317
6-Combined-Noise,network_throughput,tenant-dsk,tenant-nsy,0.1875106696315805,0.1071909198083937,0,0.0,-20.497085419274864,0.0,0.0
6-Combined-Noise,network_throughput,tenant-dsk,tenant-ntk,0.0814670288582959,0.277628595765431,0,0.0,-20.497085419274864,-6.6833522114022,0.0
6-Combined-Noise,network_throughput,tenant-mem,tenant-cpu,0.2146776053253506,0.3866747546218873,1,0.0,-14.290473793660317,-13.755483343066269,13.755483343066269
6-Combined-Noise,network_throughput,tenant-mem,tenant-dsk,0.3009989164127917,0.3474266110881727,1,0.0,-14.290473793660317,-20.497085419274864,20.497085419274864
6-Combined-Noise,network_throughput,tenant-mem,tenant-nsy,0.314119355645116,0.1082324469706139,0,0.0,-14.290473793660317,0.0,0.0
6-Combined-Noise,network_throughput,tenant-mem,tenant-ntk,0.3112669103365585,0.302259225219229,0,0.0,-14.290473793660317,-6.6833522114022,0.0
6-Combined-Noise,network_throughput,tenant-nsy,tenant-cpu,0.1401399682213839,0.2515675271788547,0,0.0,0.0,-13.755483343066269,0.0
6-Combined-Noise,network_throughput,tenant-nsy,tenant-dsk,0.1126983124469766,0.2053054284512846,0,0.0,0.0,-20.497085419274864,0.0
6-Combined-Noise,network_throughput,tenant-nsy,tenant-mem,0.1657257801011101,0.2389177286939947,0,0.0,0.0,-14.290473793660317,0.0
6-Combined-Noise,network_throughput,tenant-nsy,tenant-ntk,0.0694907767634757,0.1896893275258317,0,0.0,0.0,-6.6833522114022,0.0
6-Combined-Noise,network_throughput,tenant-ntk,tenant-cpu,0.1620510634732565,0.3685132936463666,1,0.0,-6.6833522114022,-13.755483343066269,13.755483343066269
6-Combined-Noise,network_throughput,tenant-ntk,tenant-dsk,0.1287243486665836,0.3350111948123566,1,0.0,-6.6833522114022,-20.497085419274864,20.497085419274864
6-Combined-Noise,network_throughput,tenant-ntk,tenant-mem,0.2215433903047206,0.3878802321514409,1,0.0,-6.6833522114022,-14.290473793660317,14.290473793660317
6-Combined-Noise,network_throughput,tenant-ntk,tenant-nsy,0.2282407788383646,0.1024818083060485,0,0.0,-6.6833522114022,0.0,0.0
7-Recovery,cpu_usage,tenant-cpu,tenant-dsk,0.0561538846843376,0.2916031425631004,0,0.0,-1.6728492084231612,-2.434634286345624,0.0
7-Recovery,cpu_usage,tenant-cpu,tenant-mem,0.0753451867867382,0.1522272862032112,0,0.0,-1.6728492084231612,-1.197472024431196,0.0
7-Recovery,cpu_usage,tenant-cpu,tenant-nsy,0.4310145717948417,0.0072725312584769,0,0.0,-1.6728492084231612,0.0,0.0
7-Recovery,cpu_usage,tenant-cpu,tenant-ntk,0.1457184538871803,0.3203494928397336,1,0.0,-1.6728492084231612,0.7816574068332606,0.7816574068332606
7-Recovery,cpu_usage,tenant-dsk,tenant-cpu,0.145672505820227,0.203134588697061,0,0.0,-2.434634286345624,-1.6728492084231612,0.0
7-Recovery,cpu_usage,tenant-dsk,tenant-mem,0.1745527162186395,0.1866487229088304,0,0.0,-2.434634286345624,-1.197472024431196,0.0
7-Recovery,cpu_usage,tenant-dsk,tenant-nsy,0.4281957661346992,0.0188164905691756,0,0.0,-2.434634286345624,0.0,0.0
7-Recovery,cpu_usage,tenant-dsk,tenant-ntk,0.2254556198508629,0.3740509357794006,1,0.0,-2.434634286345624,0.7816574068332606,0.7816574068332606
7-Recovery,cpu_usage,tenant-mem,tenant-cpu,0.044465724071279,0.1615659728476965,1,0.0,-1.197472024431196,-1.6728492084231612,1.6728492084231612
7-Recovery,cpu_usage,tenant-mem,tenant-dsk,0.0369401723837893,0.2870801091671768,1,0.0,-1.197472024431196,-2.434634286345624,2.434634286345624
7-Recovery,cpu_usage,tenant-mem,tenant-nsy,0.3110073538260277,0.0102736966867539,0,0.0,-1.197472024431196,0.0,0.0
7-Recovery,cpu_usage,tenant-mem,tenant-ntk,0.0456991850417476,0.3060355006157643,2,0.0,-1.197472024431196,0.7816574068332606,1.5633148136665211
7-Recovery,cpu_usage,tenant-nsy,tenant-cpu,0.0097067054739857,0.036228076874394,1,0.0,0.0,-1.6728492084231612,1.6728492084231612
7-Recovery,cpu_usage,tenant-nsy,tenant-dsk,0.3688636730090092,0.0732793237356514,0,0.0,0.0,-2.434634286345624,0.0
7-Recovery,cpu_usage,tenant-nsy,tenant-mem,0.1108592094694095,0.0338966944378304,0,0.0,0.0,-1.197472024431196,0.0
7-Recovery,cpu_usage,tenant-nsy,tenant-ntk,0.3766420429011053,0.0752524673062493,0,0.0,0.0,0.7816574068332606,0.0
7-Recovery,cpu_usage,tenant-ntk,tenant-cpu,0.0632371681627297,0.2430121514532704,0,0.0,0.7816574068332606,-1.6728492084231612,0.0
7-Recovery,cpu_usage,tenant-ntk,tenant-dsk,0.0433518952535489,0.3550685016961313,2,0.0,0.7816574068332606,-2.434634286345624,4.869268572691248
7-Recovery,cpu_usage,tenant-ntk,tenant-mem,0.0104047157108425,0.2346528773933485,1,0.0,0.7816574068332606,-1.197472024431196,1.197472024431196
7-Recovery,cpu_usage,tenant-ntk,tenant-nsy,0.4954798075888852,0.0194669489924546,0,0.0,0.7816574068332606,0.0,0.0
7-Recovery,disk_io_total,tenant-cpu,tenant-dsk,0.0779470989071482,0.2683342572074735,0,0.0,15.700705194989416,-37.67151115281267,0.0
7-Recovery,disk_io_total,tenant-cpu,tenant-mem,0.1876178259990712,0.3342947836955278,1,0.0,15.700705194989416,19.221102912718067,19.221102912718067
7-Recovery,disk_io_total,tenant-cpu,tenant-nsy,0.5823617864504373,0.0144393744886177,0,0.0,15.700705194989416,0.0,0.0
7-Recovery,disk_io_total,tenant-cpu,tenant-ntk,0.2044769680358913,0.314121100773813,1,0.0,15.700705194989416,26.975332260149013,26.975332260149013
7-Recovery,disk_io_total,tenant-dsk,tenant-cpu,0.0927586536111563,0.2994050400899833,0,0.0,-37.67151115281267,15.700705194989416,0.0
7-Recovery,disk_io_total,tenant-dsk,tenant-mem,0.0550556995754842,0.3129145403342545,1,0.0,-37.67151115281267,19.221102912718067,19.221102912718067
7-Recovery,disk_io_total,tenant-dsk,tenant-nsy,0.5618171578971769,0.0110947848541413,0,0.0,-37.67151115281267,0.0,0.0
7-Recovery,disk_io_total,tenant-dsk,tenant-ntk,0.1203079777634338,0.3313282719642924,1,0.0,-37.67151115281267,26.975332260149013,26.975332260149013
7-Recovery,disk_io_total,tenant-mem,tenant-cpu,0.2140166765300831,0.3248474112379343,1,0.0,19.221102912718067,15.700705194989416,15.700705194989416
7-Recovery,disk_io_total,tenant-mem,tenant-dsk,0.1316373404963267,0.2869432576300456,0,0.0,19.221102912718067,-37.67151115281267,0.0
7-Recovery,disk_io_total,tenant-mem,tenant-nsy,0.3350266747582532,0.0147701188959982,0,0.0,19.221102912718067,0.0,0.0
7-Recovery,disk_io_total,tenant-mem,tenant-ntk,0.0733369295342561,0.3494208768381777,1,0.0,19.221102912718067,26.975332260149013,26.975332260149013
7-Recovery,disk_io_total,tenant-nsy,tenant-cpu,0.4102168091578566,0.0537546196448258,0,0.0,0.0,15.700705194989416,0.0
7-Recovery,disk_io_total,tenant-nsy,tenant-dsk,0.395218861590115,0.0434891945148336,0,0.0,0.0,-37.67151115281267,0.0
7-Recovery,disk_io_total,tenant-nsy,tenant-mem,0.2892993555837125,0.0584850727220389,0,0.0,0.0,19.221102912718067,0.0
7-Recovery,disk_io_total,tenant-nsy,tenant-ntk,0.2203068359569993,0.0558943630875897,0,0.0,0.0,26.975332260149013,0.0
7-Recovery,disk_io_total,tenant-ntk,tenant-cpu,0.212193917285368,0.3064625453574604,1,0.0,26.975332260149013,15.700705194989416,15.700705194989416
7-Recovery,disk_io_total,tenant-ntk,tenant-dsk,0.1237479377211967,0.2796357631604078,0,0.0,26.975332260149013,-37.67151115281267,0.0
7-Recovery,disk_io_total,tenant-ntk,tenant-mem,0.1673647277111137,0.3721056244630719,1,0.0,26.975332260149013,19.221102912718067,19.221102912718067
7-Recovery,disk_io_total,tenant-ntk,tenant-nsy,0.4523394468109409,0.0152233893590423,0,0.0,26.975332260149013,0.0,0.0
7-Recovery,memory_usage,tenant-cpu,tenant-dsk,0.4921266402190964,0.3207293023109044,1,0.0,11.97841806507188,7.1138271186582855,7.1138271186582855
7-Recovery,memory_usage,tenant-cpu,tenant-mem,0.4356759235373871,0.3249641341214795,1,0.0,11.97841806507188,9.5959044896471,9.5959044896471
7-Recovery,memory_usage,tenant-cpu,tenant-nsy,0.4024499449557085,0.0098909244678584,0,0.0,11.97841806507188,0.0,0.0
7-Recovery,memory_usage,tenant-cpu,tenant-ntk,0.5201764566132066,0.2959585543958469,0,0.0,11.97841806507188,7.090499050088686,0.0
7-Recovery,memory_usage,tenant-dsk,tenant-cpu,0.5911693912286087,0.3244278128966283,1,0.0,7.1138271186582855,11.97841806507188,11.97841806507188
7-Recovery,memory_usage,tenant-dsk,tenant-mem,0.6064831694661368,0.309609771954786,1,0.0,7.1138271186582855,9.5959044896471,9.5959044896471
7-Recovery,memory_usage,tenant-dsk,tenant-nsy,0.6351949844364544,0.0101648568405458,0,0.0,7.1138271186582855,0.0,0.0
7-Recovery,memory_usage,tenant-dsk,tenant-ntk,0.5091987765620852,0.2954911709107511,0,0.0,7.1138271186582855,7.090499050088686,0.0
7-Recovery,memory_usage,tenant-mem,tenant-cpu,0.4992807643428386,0.3170955759194359,1,0.0,9.5959044896471,11.97841806507188,11.97841806507188
7-Recovery,memory_usage,tenant-mem,tenant-dsk,0.6706077284348273,0.3132799121503701,1,0.0,9.5959044896471,7.1138271186582855,7.1138271186582855
7-Recovery,memory_usage,tenant-mem,tenant-nsy,0.3613316524129021,0.0090311037971095,0,0.0,9.5959044896471,0.0,0.0
7-Recovery,memory_usage,tenant-mem,tenant-ntk,0.4823706201360257,0.2924627570184283,0,0.0,9.5959044896471,7.090499050088686,0.0
7-Recovery,memory_usage,tenant-nsy,tenant-cpu,0.8437366868902089,0.0718936204807528,0,0.0,0.0,11.97841806507188,0.0
7-Recovery,memory_usage,tenant-nsy,tenant-dsk,0.484350278063464,0.0765204148654306,0,0.0,0.0,7.1138271186582855,0.0
7-Recovery,memory_usage,tenant-nsy,tenant-mem,0.4826868989690021,0.0675440837983769,0,0.0,0.0,9.5959044896471,0.0
7-Recovery,memory_usage,tenant-nsy,tenant-ntk,0.3519312642175735,0.0593560956817317,0,0.0,0.0,7.090499050088686,0.0
7-Recovery,memory_usage,tenant-ntk,tenant-cpu,0.531336241054593,0.3112817602116112,1,0.0,7.090499050088686,11.97841806507188,11.97841806507188
7-Recovery,memory_usage,tenant-ntk,tenant-dsk,0.3567230285983582,0.3023871396696368,0,0.0,7.090499050088686,7.1138271186582855,0.0
7-Recovery,memory_usage,tenant-ntk,tenant-mem,0.667226563950754,0.2897957476442502,0,0.0,7.090499050088686,9.5959044896471,0.0
7-Recovery,memory_usage,tenant-ntk,tenant-nsy,0.666745292646883,0.0086884537761997,0,0.0,7.090499050088686,0.0,0.0
7-Recovery,network_throughput,tenant-cpu,tenant-dsk,0.3970927296466791,0.3515876637743592,1,0.0,-2.890177621769822,-14.082905500981576,14.082905500981576
7-Recovery,network_throughput,tenant-cpu,tenant-mem,0.2198994617353295,0.3876018374891356,1,0.0,-2.890177621769822,-3.462665234510508,3.462665234510508
7-Recovery,network_throughput,tenant-cpu,tenant-nsy,0.5898166801725522,0.0206852334724035,0,0.0,-2.890177621769822,0.0,0.0
7-Recovery,network_throughput,tenant-cpu,tenant-ntk,0.2908998381325131,0.2868606126173291,0,0.0,-2.890177621769822,-1.1159660920352774,0.0
7-Recovery,network_throughput,tenant-dsk,tenant-cpu,0.1147668876538968,0.3586431456839334,1,0.0,-14.082905500981576,-2.890177621769822,2.890177621769822
7-Recovery,network_throughput,tenant-dsk,tenant-mem,0.1646202421785865,0.3848606952695739,1,0.0,-14.082905500981576,-3.462665234510508,3.462665234510508
7-Recovery,network_throughput,tenant-dsk,tenant-nsy,0.5633662697117114,0.0182000001507847,0,0.0,-14.082905500981576,0.0,0.0
7-Recovery,network_throughput,tenant-dsk,tenant-ntk,0.2407150273558228,0.2820344553356759,0,0.0,-14.082905500981576,-1.1159660920352774,0.0
7-Recovery,network_throughput,tenant-mem,tenant-cpu,0.3364589330023577,0.3973055692619827,1,0.0,-3.462665234510508,-2.890177621769822,2.890177621769822
7-Recovery,network_throughput,tenant-mem,tenant-dsk,0.1357790513671229,0.3639685562811502,1,0.0,-3.462665234510508,-14.082905500981576,14.082905500981576
7-Recovery,network_throughput,tenant-mem,tenant-nsy,0.5791073175750773,0.0127854448809362,0,0.0,-3.462665234510508,0.0,0.0
7-Recovery,network_throughput,tenant-mem,tenant-ntk,0.3111456362746075,0.3147206461643997,1,0.0,-3.462665234510508,-1.1159660920352774,1.1159660920352774
7-Recovery,network_throughput,tenant-nsy,tenant-cpu,0.3556557558640371,0.0783417920415276,0,0.0,0.0,-2.890177621769822,0.0
7-Recovery,network_throughput,tenant-nsy,tenant-dsk,0.6854507804155072,0.0636467248545217,0,0.0,0.0,-14.082905500981576,0.0
7-Recovery,network_throughput,tenant-nsy,tenant-mem,0.4630143926665312,0.071205745547333,0,0.0,0.0,-3.462665234510508,0.0
7-Recovery,network_throughput,tenant-nsy,tenant-ntk,0.3197931753604243,0.0724144381584638,0,0.0,0.0,-1.1159660920352774,0.0
7-Recovery,network_throughput,tenant-ntk,tenant-cpu,0.1531733725630508,0.3570311057781066,1,0.0,-1.1159660920352774,-2.890177621769822,2.890177621769822
7-Recovery,network_throughput,tenant-ntk,tenant-dsk,0.0905704101768207,0.3220360774305059,1,0.0,-1.1159660920352774,-14.082905500981576,14.082905500981576
7-Recovery,network_throughput,tenant-ntk,tenant-mem,0.2056515527239263,0.3798650484716095,1,0.0,-1.1159660920352774,-3.462665234510508,3.462665234510508
7-Recovery,network_throughput,tenant-ntk,tenant-nsy,0.5183778098533889,0.0166641184113857,0,0.0,-1.1159660920352774,0.0,0.0
